geoid,county,label,rad14,rad19,rad24,pop,income,poverty,white,black,hisp,asian,density,youth,older,change,pct_change,poc
37007920100,Anson County,Anson County,0.4124,0.3496,0.5553,3187,46198,12.8576,36.9528,52.2234,5.3775,0,31.3574,20.1999,17.5801,0.14290000000000003,34.65082444228905,63.0472
37007920200,Anson County,Anson County,0.2737,0.2401,0.3302,1600,52434,24.0858,61.2232,34.9937,2.9004,0,23.4249,18.7264,30.3279,0.056499999999999995,20.6430398246255,38.7768
37007920301,Anson County,Anson County,0.5982,0.5168,0.6956,4319,58480,16.3593,60.6763,29.1085,6.8811,0.0236,48.4833,19.6027,21.8728,0.09740000000000004,16.2821798729522,39.3237
37007920302,Anson County,The Orchard area,0.736,0.5615,0.4142,590,80179,3.7369,63.0792,29.4469,2.0927,0,18.0485,8.6697,13.0045,-0.3218,-43.72282608695652,36.9208
37007920400,Anson County,Anson County,1.6077,1.3975,1.6415,2335,31610,33.288,28.3062,68.0707,1.1775,0,56.9051,21.2409,22.5996,0.03380000000000005,2.102382285252227,71.6938
37007920501,Anson County,Anson County,0.576,0.5656,0.5278,1097,33509,45.3823,51.142,46.6733,2.1847,0,50.7685,14.6971,17.7756,-0.04819999999999991,-8.368055555555541,48.858
37007920502,Anson County,Anson County,3.185,2.7752,2.9407,4248,44019,20.7102,35.4132,54.98,0,5.6746,307.464,30.5628,18.0598,-0.24429999999999996,-7.670329670329669,64.5868
37007920600,Anson County,Anson County,0.2883,0.2422,0.3794,3507,38438,21.9412,34.2815,51.5249,5.9824,2.4047,21.5491,22.0528,23.607,0.09110000000000001,31.59902878945543,65.7185
37007980000,Anson County,The Orchard area,66.9506,40.5408,8.752,1406,NA,NA,54.0097,40.0365,2.4301,0.9113,2559.534,0,6.6221,-58.19859999999999,-86.92767503203854,45.9903
37025040501,Cabarrus County,West Concord / Tucker Chase,5.2897,4.1786,4.9387,10391,89644,16.5675,35.5199,38.9289,15.3995,1.0969,1531.7732,29.9495,8.3557,-0.351,-6.635536986974686,64.4801
37025040502,Cabarrus County,West Concord area,4.9486,3.7164,4.7461,5848,70483,17.6599,80.0101,10.0118,6.8652,0,460.5158,22.4466,13.7977,-0.20249999999999968,-4.092066443034387,19.989900000000006
37025040600,Cabarrus County,Cabarrus County,1.5428,1.5095,2.1012,6261,79366,3.0957,87.6703,4.8116,3.1842,0.3184,154.9627,12.2236,22.4129,0.5584,36.19393310863366,12.329700000000003
37025040701,Cabarrus County,Jackson Park area,8.6396,9.5929,11.5897,2373,53636,34.8748,48.706,21.8074,26.8137,0.2546,1987.2012,27.7896,13.6614,2.950100000000001,34.146256771146824,51.294
37025040703,Cabarrus County,Car Town / Settlers Ridge / North Concord,28.1057,24.5714,27.4426,2753,39643,24.7616,43.7605,36.3667,4.6504,5.353,1649.0868,28.2703,19.739,-0.6631,-2.359307898397834,56.2395
37025040704,Cabarrus County,Car Town area,14.6771,13.1493,14.7798,3840,59000,16.3714,52.7017,26.4495,18.2828,0.2467,2400.7618,22.1071,17.6659,0.10270000000000046,0.6997295105981458,47.2983
37025040705,Cabarrus County,Jackson Park area,9.3535,8.9834,9.4623,4258,74139,11.7459,37.4334,42.5709,17.459,2.5155,2526.1902,17.0539,13.4513,0.10880000000000045,1.1632009408242951,62.5666
37025040800,Cabarrus County,Car Town / Jackson Park,23.6652,20.1024,20.686,4002,51290,14.9712,53.6182,30.388,11.2218,0,2698.4599,22.732,16.0986,-2.9791999999999987,-12.588949174315022,46.3818
37025040900,Cabarrus County,Settlers Ridge / North Concord / Car Town,21.7211,19.6213,17.0876,2116,59180,9.1761,70.6463,20.8683,3.3054,0,1796.7961,19.2896,29.8964,-4.6335000000000015,-21.331792588773133,29.353700000000003
37025041001,Cabarrus County,Settlers Ridge / Car Town / Kellswater Bridge,8.4509,7.4776,6.8128,2966,71298,6.4232,69.8573,15.869,3.3165,0,1526.3137,14.1898,16.2049,-1.6381000000000006,-19.383734276822594,30.142700000000005
37025041002,Cabarrus County,Car Town area,19.8062,15.4528,15.8052,3296,49485,17.2621,49.6873,32.6038,12.7345,0,2557.957,25.5259,9.7783,-4.001000000000001,-20.20074522119337,50.3127
37025041100,Cabarrus County,Settlers Ridge / North Concord / Kellswater Bridge,7.9292,7.9466,7.8227,7254,79712,5.7539,67.3235,16.4246,14.5549,0.1438,1871.493,25.0396,11.6065,-0.1064999999999996,-1.3431367603289057,32.676500000000004
37025041201,Cabarrus County,Kellswater Bridge area,2.2746,2.8983,3.0759,2836,53775,15.5578,74.275,17.4684,3.2412,3.5824,290.1533,9.6554,22.245,0.8012999999999999,35.2281719862833,25.724999999999994
37025041202,Cabarrus County,Kellswater Bridge area,8.8517,9.532,11.1491,8281,90887,6.4982,67.436,18.5966,4.8959,2.6814,910.7917,24.4931,19.4104,2.2974000000000014,25.95433645514423,32.56399999999999
37025041301,Cabarrus County,Moss Creek / Hopewell,2.1722,2.7895,3.401,8645,133876,1.5528,56.4011,8.8193,12.7549,7.551,600.0566,27.4656,15.3035,1.2287999999999997,56.56937666881501,43.5989
37025041304,Cabarrus County,Moss Creek area,9.0704,10.6284,10.9987,8030,134567,6.422,58.7871,11.4143,8.3403,16.2993,3705.1568,33.4207,5.4569,1.9283000000000001,21.25926089257365,41.2129
37025041305,Cabarrus County,Cox Mill / Moss Creek,5.7622,8.5114,8.8226,2656,123661,4.3478,70.9504,7.6953,5.3867,15.5829,456.7912,21.3928,14.7364,3.0603999999999996,53.111658741452914,29.049599999999998
37025041306,Cabarrus County,Cox Mill / Concord Mills,16.2931,19.4232,23.4002,6760,118846,3.8318,34.9991,19.3912,0.5279,40.6651,1114.948,29.4739,5.3845,7.107100000000003,43.62030552810701,65.0009
37025041307,Cabarrus County,Cox Mill area,12.1775,13.2336,13.4291,8146,188052,1.3774,51.6821,16.8333,15.2487,11.2872,4250.8019,36.4213,4.315,1.2515999999999998,10.277971669061793,48.3179
37025041503,Cabarrus County,Camellia Gardens / West Concord,3.1876,3.4958,4.6551,6366,112572,1.7149,54.8615,29.7671,6.0573,7.2215,768.398,28.2096,7.5991,1.4674999999999998,46.03777136403563,45.1385
37025041504,Cabarrus County,Camellia Gardens / Downtown,7.2423,7.8193,8.8702,3934,143527,3.2366,53.07,10.2332,13.9219,8.5911,652.4519,20.3237,9.6145,1.6279000000000003,22.47766593485495,46.93
37025041505,Cabarrus County,Camellia Gardens area,10.0828,12.6212,15.58,8280,151343,3.1431,56.941,10.3808,10.8231,17.199,1780.2886,33.8575,9.8526,5.497199999999999,54.52056968302455,43.059
37025041506,Cabarrus County,Camellia Gardens / Reedy Creek,3.7323,4.3437,6.2837,5951,130000,9.0939,58.1005,23.6693,3.0772,7.2522,986.2347,25.2994,15.7518,2.5513999999999997,68.35999249792353,41.8995
37025041507,Cabarrus County,Camellia Gardens area,1.8442,2.2187,3.0338,4814,153000,6.32,69.8438,0,10.5134,11.3839,580.4229,26.3616,9.0625,1.1895999999999998,64.5049343888949,30.1562
37025041602,Cabarrus County,Cabarrus County,1.0512,0.9984,1.3494,4021,73977,16.199,76.0894,4.7228,11.6587,4.9053,180.4767,27.9033,19.1421,0.2982,28.3675799086758,23.910600000000002
37025041603,Cabarrus County,Bethel Glen / Saddlebrook,1.7716,2.2568,2.9264,5231,89114,5.7465,63.831,12.2441,13.3146,6.8357,226.4243,23.0986,10.9108,1.1548,65.18401445021449,36.169
37025041604,Cabarrus County,Tucker Chase / Bethel Glen,1.2943,1.2526,1.7269,4909,122019,6.3032,92.5103,1.7636,3.7448,1.4152,150.0008,22.0335,16.3727,0.4326000000000001,33.42347214710655,7.489699999999999
37025041701,Cabarrus County,Cabarrus County,1.1332,1.1637,1.4342,4393,80515,4.8243,82.992,12.5745,3.1631,0.726,155.8073,16.7228,22.323,0.30099999999999993,26.561948464525234,17.007999999999996
37025041702,Cabarrus County,Cabarrus County,0.6882,0.6958,0.9003,3441,78333,14.2402,90.411,1.3699,1.6247,4.7467,86.4122,16.2154,14.9411,0.21209999999999996,30.81952920662597,9.588999999999999
37025041901,Cabarrus County,West Concord / North Concord,29.0538,23.1139,28.04,2717,43824,28.2866,27.3065,29.0301,31.8013,0.0338,1749.65,32.7813,10.7131,-1.0137999999999998,-3.4893886513984396,72.6935
37025041902,Cabarrus County,West Concord / North Concord,31.0765,22.518,24.1724,3862,58005,15.4742,45.2459,19.2623,30.1639,0.0546,3435.9426,22.8689,13.0328,-6.9041,-22.216465818222773,54.7541
37025042000,Cabarrus County,West Concord area,14.3485,11.9259,16.1649,6879,66675,12.3,58.3559,12.9931,22.8997,2.8756,1062.096,28.922,10.8401,1.8163999999999998,12.659162978708576,41.6441
37025042101,Cabarrus County,West Concord area,23.0835,16.9529,17.2684,3847,46742,13.1102,10.4547,42.5237,45.344,0,2716.2192,26.8174,9.2633,-5.815100000000001,-25.191587064353328,89.5453
37025042102,Cabarrus County,West Concord area,14.1295,11.1542,12.1996,3713,53682,14.8276,57.928,13.7523,25.2169,0,2525.1404000000002,25.7428,18.3276,-1.9299,-13.658657418875404,42.072
37025042201,Cabarrus County,West Concord area,17.3107,11.9196,17.319,3077,76591,10.9235,69.9768,21.8471,6.852,0.3972,1386.7711,22.6746,10.5263,0.00829999999999842,0.047947223393614465,30.023200000000003
37025042202,Cabarrus County,West Concord area,9.6026,8.0457,9.7173,4190,95714,3.8394,79.3594,12.3167,4.5793,0,1393.3251,20.8211,11.4821,0.11469999999999914,1.1944681648720048,20.640600000000006
37025042300,Cabarrus County,West Concord / North Concord,17.9016,14.3869,16.2667,5731,58554,8.1505,64.861,12.2704,18.9119,0,2720.86,18.2996,24.3994,-1.6348999999999982,-9.132703222058355,35.138999999999996
37025042401,Cabarrus County,North Concord area,22.4776,18.0836,21.1385,4131,135090,3.328,68.4046,20.094,7.7198,0.2685,952.5612,20.7429,19.8926,-1.3390999999999984,-5.957486564401887,31.595399999999998
37025042402,Cabarrus County,North Concord area,21.5953,16.9254,17.7594,5763,39296,16.9129,24.1052,36.6243,34.7243,0.3053,2830.3836,36.2171,9.3639,-3.8359000000000023,-17.762661319824232,75.8948
37025042501,Cabarrus County,North Concord / Kellswater Bridge,18.1719,20.5273,21.7217,4994,96780,8.7946,70.4133,10.059,8.747,7.6755,1174.8045,25.5194,14.2795,3.5497999999999976,19.53455610035273,29.586699999999993
37025042502,Cabarrus County,North Concord / West Concord,22.0996,16.2085,17.8803,3181,51671,24.8621,49.7514,19.8864,28.4091,0.2131,2396.7251,22.3011,19.4247,-4.2193000000000005,-19.092200763814734,50.2486
37025042503,Cabarrus County,Riverwalk / North Concord,16.7137,16.4875,18.6598,5513,95833,9.4165,67.6883,18.9808,5.7053,4.0066,2534.2687,22.4705,17.1898,1.9461000000000013,11.643741361876792,32.3117
37025042504,Cabarrus County,Riverwalk / West Concord,10.4127,9.4729,12.6372,1421,138500,0.3316,63.7931,20.2918,1.9894,3.7135,554.4711,21.4854,12.5332,2.224500000000001,21.363335158028185,36.2069
37025042601,Cabarrus County,Riverwalk area,11.545,11.8285,14.4583,6677,129688,2.2287,67.0382,16.1832,7.9084,4.8702,1991.2944,28.5191,15.7863,2.9132999999999996,25.234300563014287,32.9618
37025042602,Cabarrus County,Riverwalk / Concord Mills,28.5663,30.2049,32.0261,4268,75746,1.2486,33.9321,14.6988,31.1501,8.2147,835.1127,27.667,7.2946,3.4598000000000013,12.111474009584725,66.06790000000001
37025042603,Cabarrus County,Downtown / Riverwalk,13.1474,11.4677,12.3712,9255,90369,3.6575,56.5965,29.2849,5.5132,4.1705,1075.5143,23.8735,12.6742,-0.7761999999999993,-5.90382889392579,43.4035
37025042604,Cabarrus County,Downtown area,10.7739,12.3003,14.2065,4862,79750,7.8799,68.665,10.96,9.7033,1.5245,1333.4818,24.4953,17.0375,3.4326000000000008,31.86032912872777,31.334999999999994
37035010101,Catawba County,Oxford Park area,1.5893,1.5165,1.8176,6339,64642,7.5877,79.9229,10.0385,2.3462,3.402,233.3033,20.4123,27.518,0.22830000000000017,14.364814698294857,20.0771
37035010102,Catawba County,Oxford Park area,8.4608,7.6826,8.4077,3978,68750,8.4388,77.4222,1.9377,5.2471,10.7773,432.7659,24.1672,19.2249,-0.05310000000000059,-0.6276002269289025,22.577799999999996
37035010201,Catawba County,Oxford Park area,1.7814,1.7402,1.9572,4589,61641,4.7352,68.9205,2.1669,10.8347,11.1356,423.871,23.736,16.5931,0.17579999999999996,9.868642640619735,31.079499999999996
37035010203,Catawba County,Oxford Park / Kool Park MHP,2.9237,2.6122,2.9201,2944,40922,15.2937,81.1951,0,6.7522,10.2633,391.7617,18.8386,28.0216,-0.0036000000000000476,-0.12313164825392645,18.804900000000004
37035010204,Catawba County,Fairgrove / Kool Park MHP,11.3345,10.0495,11.9814,5468,67417,14.149,64.9129,2.2625,21.3503,5.4049,735.4559,28.7305,11.3485,0.6469000000000005,5.707353654770837,35.08710000000001
37035010301,Catawba County,Kool Park MHP area,2.7045,2.594,3.2201,5412,68686,9.068,73.767,1.4369,15.3398,4.9903,827.1783,24.6796,16.7767,0.5156000000000001,19.064522092808286,26.233000000000004
37035010302,Catawba County,Lawson's Creek / North Hickory,6.3404,5.806,6.401,6020,80591,15.2577,84.6232,3.7932,2.5344,2.0752,1348.1455,17.7751,17.3159,0.06059999999999999,0.9557756608415872,15.376800000000003
37035010303,Catawba County,Kool Park MHP area,5.9097,5.7129,6.0246,4633,57856,19.3562,72.9672,5.6211,11.6928,4.3553,1365.0652,18.1292,23.5786,0.11490000000000045,1.9442611300066068,27.032799999999995
37035010304,Catawba County,Sweetwater / Fairgrove / Havenwood,8.3527,9.4475,10.9663,4316,61250,20.2093,47.6766,3.6942,44.4935,3.7175,1223.8788,27.5325,14.7072,2.6136,31.29048092233649,52.3234
37035010402,Catawba County,Viewmont / Sweetwater,25.3351,22.3678,27.4454,4968,46600,18.8876,57.1744,11.4386,23.5771,0.4237,2899.8827,14.9199,13.2437,2.1102999999999987,8.329550702385223,42.8256
37035010403,Catawba County,North Hickory / Havenwood / Lawson's Creek,12.3497,12.6391,13.5154,5559,47365,17.8291,71.6017,9.0223,8.287,5.8227,2426.5138,23.748,16.0374,1.1656999999999993,9.43909568653489,28.398300000000006
37035010404,Catawba County,Viewmont / Lawson's Creek / Sweetwater,11.5034,10.8498,13.1825,2648,58333,17.4211,67.8157,21.6255,3.193,0.8345,2988.0394,31.9666,13.4253,1.6791,14.59655406227724,32.18429999999999
37035010501,Catawba County,Viewmont area,19.236,16.3052,18.0534,3692,98825,4.0374,74.5083,18.3582,4.8518,0,1509.0344,20.2465,22.4757,-1.1826000000000008,-6.147847785402374,25.491699999999994
37035010502,Catawba County,North Hickory area,6.6184,5.7962,5.3999,3673,114500,4.0975,87.8415,4.1243,3.4547,2.5174,1333.6636,17.4879,20.6481,-1.2185000000000006,-18.410794149643426,12.158500000000004
37035010600,Catawba County,Viewmont area,19.0429,17.7696,20.3049,6549,51718,17.6716,57.4428,18.3319,12.2502,4.6481,1675.218,22.5456,20.3881,1.2620000000000005,6.627141874399385,42.5572
37035010700,Catawba County,Viewmont / Meadow Brook Village,20.4025,18.8187,19.3657,2416,41680,17.0872,48.5613,10.8012,23.5502,7.9239,1665.8049,23.1961,14.298400000000001,-1.0367999999999995,-5.081730180124982,51.4387
37035010900,Catawba County,Viewmont / Sweetwater,34.3382,30.8188,36.5186,3832,26625,42.6378,25.8438,40.9062,15.2188,12.4062,1900.2532,25.5625,15.7812,2.180399999999999,6.349779545811949,74.1562
37035011000,Catawba County,Sweetwater / Fairgrove / Fairbrook,21.1274,21.4235,24.6869,2881,46250,23.5152,42.83,23.8113,27.0065,0.5325,444.3089,17.7634,17.7254,3.5595,16.84779007355377,57.17
37035011101,Catawba County,Meadow Brook Village area,6.6661,6.2876,6.6866,3156,55560,15.0723,79.6678,9.1664,9.4432,0,277.7158,19.2249,22.3624,0.020500000000000185,0.30752613972187914,20.3322
37035011102,Catawba County,Fairbrook / Meadow Brook Village,10.5486,10.1134,10.5426,8476,71486,14.168,67.3704,7.0761,12.5656,9.8401,710.6822,25.4639,13.6788,-0.006000000000000227,-0.05687958591661668,32.629599999999996
37035011200,Catawba County,Fairgrove area,15.6382,14.6834,13.9341,5501,66830,4.4256,73.3762,10.3854,8.6367,1.4989,1097.0682,16.3455,17.9515,-1.7040999999999986,-10.897034185520063,26.623800000000003
37035011300,Catawba County,Catawba County,8.0531,8.4084,9.2231,7429,49808,18.2582,63.1756,9.0591,20.4845,5.6007,705.2427,26.3512,18.4122,1.17,14.528566638934073,36.8244
37035011401,Catawba County,Catawba County,5.3673,5.1738,5.7784,3681,48699,24.3162,66.703,13.1772,9.7196,6.9426,282.9864,17.3155,16.0632,0.41110000000000024,7.659344549401007,33.297
37035011402,Catawba County,Catawba County,1.6813,1.7298,2.0575,3734,60625,21.6367,89.6229,1.4174,5.9479,1.6705,220.7311,22.4247,22.8044,0.3762000000000001,22.375542734788564,10.377099999999999
37035011501,Catawba County,Catawba County,1.4256,1.4517,1.8194,5577,70074,10.9337,84.2502,2.1023,9.6882,0,160.8799,20.3399,19.8669,0.39379999999999993,27.623456790123456,15.749799999999993
37035011503,Catawba County,Catawba County,2.1349,1.9877,2.5333,3992,103204,4.9386,81.6245,0.9777,12.6347,0,164.633,17.3226,14.8408,0.3984000000000001,18.66129561103565,18.375500000000002
37035011505,Catawba County,Catawba County,2.6775,2.7287,3.9531,3672,97276,4.5371,94.9127,3.0102,1.6857,0.3913,426.6794,13.5461,25.2559,1.2755999999999998,47.64145658263305,5.087299999999999
37035011506,Catawba County,Catawba County,2.6497,2.7789,3.713,3872,97545,6.6005,81.7382,0,14.2895,0.6398,641.5695,20.8744,23.4071,1.0633,40.12907121560931,18.261799999999994
37035011601,Catawba County,Catawba County,2.0981,2.1626,2.4978,5081,73229,15.7334,73.8266,12.7907,6.7653,0.8668,304.7135,23.4672,14.3763,0.3996999999999997,19.05056956293788,26.1734
37035011602,Catawba County,Catawba County,2.2869,2.1591,2.6296,5420,71211,10.8265,82.376,0.1492,15.0317,0,275.6149,25.1772,15.0877,0.3426999999999998,14.985351348987704,17.623999999999995
37035011701,Catawba County,Fairgrove / Fairbrook,7.1764,6.6768,7.888,4997,72004,8.1407,60.764,7.8887,8.2001,11.2933,367.2547,18.3724,23.5209,0.7115999999999998,9.9158352377236465,39.236
37035011702,Catawba County,Catawba County,2.7615,2.863,3.3074,6948,82331,7.1499,83.1423,5.0741,5.6612,3.7462,199.8812,19.1361,19.2759,0.5459,19.768241897519466,16.857699999999994
37035011801,Catawba County,Meadow Brook Village area,1.5919,1.5975,1.7087,6360,78269,2.8887,91.9789,4.0766,0.7922,2.3766,356.1047,22.7925,19.8713,0.11680000000000001,7.337144292983228,8.021100000000004
37035011802,Catawba County,Catawba County,0.8544,0.8686,1.0178,5760,55230,9.8008,80.5801,12.941,2.0353,2.1879,109.7761,27.5441,16.0617,0.1634,19.124531835205993,19.4199
37045950101,Cleveland County,Cleveland County,0.5154,0.3939,0.5384,4875,49120,12.3183,87.5861,4.3365,2.3078,0.1303,60.1161,24.6417,16.006,0.02300000000000002,4.462553356616224,12.413899999999998
37045950102,Cleveland County,Polkville,0.6234,0.4772,0.5873,2380,43889,28.3896,90.6181,3.9018,2.3674,1.0522,62.3477,18.676,25.7343,-0.03609999999999991,-5.7908245107475,9.381900000000002
37045950200,Cleveland County,Cleveland County,1.2042,1.0842,1.2217,4530,56294,16.6872,85.334,9.9827,0.8874,0.6902,126.0455,16.564,21.3705,0.01750000000000007,1.4532469689420422,14.665999999999997
37045950301,Cleveland County,Landsdown / Vestavia,1.3844,1.3153,1.5191,4503,61998,12.6189,68.7585,19.6647,5.845,0.2039,184.1341,17.3086,18.7132,0.13469999999999982,9.729846865067886,31.241500000000002
37045950302,Cleveland County,Landsdown area,1.875,1.8413,2.1531,6563,74063,8.6992,84.9383,6.922,4.6467,0,296.9569,22.3522,15.286,0.2780999999999998,14.83199999999999,15.061700000000002
37045950400,Cleveland County,Kings Mountain,8.1156,7.1635,6.8893,8539,49842,20.0648,74.5524,16.6789,2.8207,2.882,1200.9263,23.375,22.3203,-1.2263000000000002,-15.110404652767512,25.447599999999994
37045950500,Cleveland County,Kings Mountain,10.5807,11.604,12.5347,3148,29276,29.2882,69.9814,24.3804,2.3544,0,571.9947,19.7955,17.3482,1.9540000000000006,18.467587210676047,30.018600000000006
37045950601,Cleveland County,Landsdown / Light Oak,3.6262,3.3579,3.4734,4162,65721,15.397,67.4685,15.3036,12.3711,0.5956,260.1819,22.52,11.9129,-0.15280000000000005,-4.213777508135239,32.531499999999994
37045950603,Cleveland County,Cleveland County,2.2846,2.4989,2.6556,3044,76615,12.1232,83.709,6.085,0.4507,7.1153,155.1945,15.454,16.9994,0.371,16.239166593714437,16.290999999999997
37045950604,Cleveland County,Cleveland County,2.4417,2.3425,2.4648,3521,57934,33.5569,78.9796,7.4052,10.6997,0.5248,289.4788,29.5918,18.5423,0.0230999999999999,0.9460621697997256,21.020399999999995
37045950701,Cleveland County,Landsdown / Light Oak,8.2826,8.07,8.8205,3584,52378,20.2415,47.2685,35.5089,12.4497,2.1852,480.2844,21.3916,20.2128,0.5378999999999987,6.4943375268635295,52.7315
37045950702,Cleveland County,Country Club Gardens / Hillsdale / Light Oak,12.1155,12.2573,11.3771,4088,64167,16.9684,66.3799,12.5209,5.5436,0.5974,761.252,26.4994,21.9355,-0.7384000000000004,-6.094672114233835,33.620099999999994
37045950800,Cleveland County,Carriage Run / Conifer,2.9181,2.593,2.6281,4681,63676,12.7684,70.9506,18.4818,5.1915,0,272.019,15.5053,25.1961,-0.29000000000000004,-9.937973338816354,29.049400000000006
37045950900,Cleveland County,Crestmont Heights / Pinehurst Acres,16.7944,12.6708,10.8973,3144,32689,31.7197,27.4425,61.0537,5.8686,0,975.8271,31.944,21.7406,-5.8971,-35.11349021102272,72.5575
37045951000,Cleveland County,Rocky Brook / Valleyhall,22.5799,18.8292,17.9351,3361,66484,10.7133,65.788,21.9934,0.2197,0,1529.4118,22.7897,18.1219,-4.6448,-20.570507398172712,34.212
37045951100,Cleveland County,West Shelby area,21.2382,16.8279,15.278,3570,35804,31.4127,45.529,39.6331,6.4527,1.736,1864.1103,21.3233,19.4235,-5.960199999999999,-28.063583542861444,54.471
37045951200,Cleveland County,Westwood Heights / Brittain Village,9.9908,7.8466,7.2777,5708,44389,16.9898,52.1774,35.0445,2.7495,0.1907,1002.5714,25.0477,20.0572,-2.7131,-27.155983504824437,47.8226
37045951300,Cleveland County,Conifer / Camden Acres,2.6099,2.8461,3.8639,3261,62488,10.6983,72.4458,19.1262,2.9584,1.1352,153.5028,22.2222,26.591,1.254,48.04781792405839,27.554199999999994
37045951400,Cleveland County,Shady Oak Acres area,1.3355,1.2801,1.5605,6264,60317,15.7687,75.3219,19.5452,0.2174,0,143.2703,21.886,21.8358,0.2250000000000001,16.84762261325347,24.6781
37045951501,Cleveland County,Cleveland County,1.9526,1.8393,1.9994,5676,76333,5.5852,74.7237,13.0096,9.0415,1.9206,273.309,20.058,10.6903,0.046800000000000175,2.396804260985362,25.276300000000006
37045951502,Cleveland County,Cleveland County,1.595,1.1322,1.3103,1264,68636,10.5103,92.6123,4.5697,0.6855,0,58.9794,24.067,16.527,-0.28469999999999995,-17.84952978056426,7.387699999999995
37045951503,Cleveland County,Camden Acres area,1.3555,1.4001,1.5232,2702,70377,13.539,78.9852,10.2195,5.1457,0.3598,194.6547,30.2627,14.4656,0.16770000000000018,12.371818517152356,21.014799999999994
37045951601,Cleveland County,Camden Acres / Brittain Village / Washington Heights,1.273,1.297,1.4056,4303,59965,18.849,60.4729,28.0839,3.2344,0,188.9857,19.7412,15.7484,0.13260000000000005,10.416339355852323,39.5271
37045951602,Cleveland County,Hillsdale / Washington Heights,2.4779,2.5788,2.8435,4120,48462,22.7868,81.6067,9.8112,2.151,0.5926,270.7438,24.5391,16.2862,0.36560000000000015,14.754429153718881,18.393299999999996
37071030103,Gaston County,Kendrick Farm area,2.0815,2.1905,2.1729,1419,47604,19.221800000000002,94.4747,0,0.6226,0,182.61,22.4125,22.1012,0.0913999999999997,4.391064136440053,5.525300000000001
37071030104,Gaston County,Allison Ferry area,2.949,2.8848,3.1421,2661,112330,5.5104,78.8092,0.6657,5.2885,13.6834,369.3004,20.932,14.0533,0.19310000000000027,6.547982366904045,21.190799999999996
37071030105,Gaston County,Autumn Woods / Dutchman's Ridge / Runnymeade,7.9641,7.5541,7.1405,3189,74963,7.1981,70.5034,14.4631,10.3356,1.5772,1632.5845,21.443,14.094,-0.8235999999999999,-10.341407064200599,29.4966
37071030106,Gaston County,Dutchman's Ridge / River Park,8.4179,9.0629,9.0762,1274,120357,1.3571,75.4877,9.9237,12.7226,1.5267,389.3473,11.4504,12.2137,0.6583000000000006,7.82024020242579,24.512299999999996
37071030205,Gaston County,Highgrove area,2.3757,2.2887,2.4922,3709,65678,6.7001,83.4462,3.2355,3.3108,0.6772,480.6957,24.3792,16.8046,0.11649999999999983,4.903817822115579,16.553799999999995
37071030206,Gaston County,Kendrick Farm / Arbordale,2.3925,2.3833,2.5384,2506,97625,7.499,49.4438,27.7297,18.459,0,669.2149,32.9213,8.1582,0.14590000000000014,6.098223615465001,50.5562
37071030207,Gaston County,Arbordale / Harper Landing,4.3889,4.0082,5.6695,1552,60764,10.6383,94.3182,4.6212,0.3788,0,270.4823,13.7879,32.803,1.2806000000000006,29.17815397935703,5.6817999999999955
37071030208,Gaston County,Harper Landing / Arbordale,1.5155,1.4568,1.6354,637,118125,0,93.8704,2.627,3.5026,0,180.3216,6.3047,32.9247,0.1198999999999999,7.911580336522593,6.129599999999996
37071030209,Gaston County,Harper Landing area,2.2756,2.2019,3.0606,1886,71306,4.6591,88.1403,3.118,3.1737,1.9488,326.2169,18.6526,21.7149,0.7850000000000001,34.496396554754796,11.859700000000004
37071030301,Gaston County,The Boardwalk / College Park,1.7578,1.6834,2.003,2592,71594,13.968,87.0235,2.2333,7.0851,0.9241,201.5367,20.2156,15.1714,0.24520000000000008,13.949254750256008,12.976500000000001
37071030302,Gaston County,The Boardwalk / Highgrove,2.7189,2.4446,2.9246,2092,57963,15.3553,79.7377,13.4095,0,0.6768,214.4089,20.7276,18.1895,0.20569999999999977,7.565559601309345,20.262299999999996
37071030401,Gaston County,College Park / Eden Glen,1.8019,1.5999,1.8524,4174,70769,6.873,92.0126,0,2.4521,1.0439,290.6812,20.2962,15.5378,0.05049999999999999,2.802597258449414,7.987399999999994
37071030403,Gaston County,Ashley Park area,1.9936,1.8613,1.9442,2609,80789,3.8819,75.738,0.5257,12.4949,0,371.9255,15.002,20.2184,-0.04940000000000011,-2.4779293739967954,24.262
37071030404,Gaston County,Eden Glen area,7.7057,7.3617,8.4469,2586,73625,11.0177,68.1085,15.2969,13.7239,0.8258,409.8593,22.6504,11.8757,0.7411999999999992,9.618853575924305,31.891499999999994
37071030501,Gaston County,Gaston County,1.9572,2.0399,2.2586,2642,69924,11.3496,82.0196,3.9956,11.2968,0,180.5115,29.7494,17.2176,0.3013999999999999,15.399550378091146,17.980400000000003
37071030503,Gaston County,Ashley Park area,1.4987,1.4208,1.5579,2278,43819,18.9749,93.3626,1.5617,0.488,1.2689,235.9064,17.2279,13.958,0.05920000000000014,3.950090078067668,6.6373999999999995
37071030504,Gaston County,Ashley Park area,1.7233,1.6193,1.883,1291,55417,3.8088,89.171,0.9709,9.8581,0,121.6037,17.6998,22.6288,0.15969999999999995,9.267103812452849,10.828999999999994
37071030601,Gaston County,Gaston County,3.1028,2.8833,3.7387,2664,54688,5.6493,91.1972,3.4038,4.2254,0.2347,342.5317,19.4836,16.784,0.6359000000000004,20.494392161918277,8.802800000000005
37071030602,Gaston County,Gaston County,2.2201,1.9718,2.1256,2731,34286,25.988,90.5725,2.9008,5.458,0.0382,364.442,20.687,23.5496,-0.09450000000000003,-4.2565650195937135,9.427499999999995
37071030700,Gaston County,Gaston County,5.4484,5.6439,5.9941,3249,72500,12.3267,86.1195,6.3971,4.1943,0,531.9232,23.5063,18.7689,0.5457000000000001,10.015784450480876,13.880499999999998
37071030801,Gaston County,Ashley Park area,3.7773,3.3205,3.554,1618,60221,12.4175,92.3536,2.9869,1.0753,0.4779,249.8732,11.5293,22.043,-0.22330000000000005,-5.911630000264741,7.6464
37071030802,Gaston County,Ashley Park / Ashley Place,5.9324,5.3141,6.4328,4011,43910,13.1742,77.7281,13.1245,6.1894,0,632.6025,19.6122,18.9659,0.5004,8.435034724563412,22.271900000000002
37071030901,Gaston County,The Boardwalk area,19.4686,16.9145,20.7802,2879,53477,14.5967,67.3804,16.0243,13.5261,0.4283,1634.1654,20.3783,18.4511,1.311600000000002,6.7370021470470505,32.619600000000005
37071030902,Gaston County,The Boardwalk area,9.8681,9.3844,9.8385,4787,55898,6.8925,38.5706,38.8659,16.3418,0.886,1476.4623,26.6194,12.1874,-0.029600000000000293,-0.2999564252490377,61.4294
37071031001,Gaston County,Country Village / Highgrove,3.5284,3.2928,4.2619,2826,30500,14.6417,61.613,4.4306,19.3493,11.8726,535.1883,21.3223,18.4493,0.7334999999999998,20.78845935834939,38.387
37071031004,Gaston County,Dixon Village / Windy Hill,6.1298,6.0276,6.3882,3375,42283,17.3656,69.3383,16.7133,7.3936,0,1499.1822,23.5166,20.0994,0.25839999999999996,4.21547195667069,30.661699999999996
37071031005,Gaston County,Springs Creek / Deerfield,4.6602,4.569,4.8036,2809,80000,13.0695,78.6439,7.3967,8.2306,0.7977,1013.6395,27.7012,15.1197,0.14340000000000064,3.077121153598572,21.356099999999998
37071031006,Gaston County,Westland Farm / Kelly's Landing,4.2616,4.1028,4.273,1734,94573,3.5736,90.4134,3.2954,3.8945,0,784.2195,18.2744,29.4787,0.011400000000000077,0.26750516238032845,9.586600000000004
37071031101,Gaston County,Mooreland Oaks area,6.0099,5.6063,6.236,3180,67315,15.7724,62.9593,22.2439,7.8049,0.878,949.7252,17.3008,10.4715,0.22609999999999975,3.7621258257208896,37.0407
37071031102,Gaston County,Downtown / Riverfront Homes & Marina,16.0304,14.1555,14.9589,2116,55068,9.1667,66.8981,19.537,6.1111,1.25,1582.2598,22.3148,13.4259,-1.0715000000000003,-6.684175067371995,33.1019
37071031202,Gaston County,Linford Park / Riverfront Homes & Marina,17.0028,12.9117,18.2368,2213,41492,19.6501,74.9893,12.591,5.5246,2.6552,1020.7958,14.9465,11.0493,1.2339999999999982,7.257628155362635,25.0107
37071031203,Gaston County,Riverfront Homes & Marina area,10.5094,10.0905,16.5514,1828,100637,7.4332,77.6471,9.1444,3.2086,7.3797,2060.0889,14.1176,9.5187,6.042000000000002,57.49138866157918,22.352900000000005
37071031204,Gaston County,Riverfront Homes & Marina / Rhyne's Estate,10.17,9.4384,10.0783,1532,73370,11.963,95.5526,2.5507,0,0,1641.259,16.743,11.8378,-0.09169999999999945,-0.9016715830875068,4.447400000000002
37071031301,Gaston County,Westside area,7.8242,7.4509,8.3247,4759,72472,5.1565,45.725,35.6985,12.5386,3.1291,1078.4099,29.7708,14.037,0.5004999999999997,6.396820122185011,54.275
37071031303,Gaston County,Westside area,32.8439,29.8751,44.6089,1756,51338,21.0053,50.8466,28.1481,19.4709,0,821.9077,27.5661,14.3915,11.765,35.820959143098115,49.1534
37071031304,Gaston County,Westside / Country Village,10.4168,9.7476,12.2454,3301,47026,21.1193,71.8188,11.2592,10.8594,2.8314,1383.172,23.0513,12.0253,1.8285999999999998,17.5543353045081,28.181200000000004
37071031401,Gaston County,Downtown Gastonia Historic District area,18.285,15.2624,16.274,3052,59583,16.6841,47.2808,27.7702,9.5853,0,1644.624,26.2746,13.8681,-2.0109999999999992,-10.998085862729008,52.7192
37071031402,Gaston County,Westside / Downtown Gastonia Historic District,11.9468,10.0627,10.7849,2236,65458,14.3058,80.2712,9.3969,8.4151,0.0468,1364.798,16.129,28.4712,-1.1618999999999993,-9.725616901597075,19.728800000000007
37071031500,Gaston County,Loray Mill Historic District / Eden Glen,19.4813,16.0302,19.1444,3436,29254,37.4173,37.8584,31.9775,23.8177,0,728.131,32.051,9.2379,-0.3369,-1.7293507106815251,62.1416
37071031600,Gaston County,Ashley Place / Ashley Park,6.2285,6.8028,8.1972,4036,47190,22.5337,74.795,16.0011,5.7128,1.534,459.6013,17.1119,17.1383,1.9687000000000001,31.60793128361564,25.205
37071031703,Gaston County,Ashley Place / South Gastonia,5.8453,5.2729,5.0482,3437,65489,13.5854,43.2664,41.9669,11.1045,0,643.6824,24.5718,8.8305,-0.7971000000000004,-13.636596924024436,56.7336
37071031704,Gaston County,South Gastonia / Ashley Place,2.4497,2.2948,2.6105,4102,75745,20.0528,69.3419,11.0559,18.8447,0,489.7951,24.7159,15.0331,0.16080000000000005,6.564069069682004,30.658100000000005
37071031705,Gaston County,South Gastonia area,1.4136,1.2747,1.5062,2194,76042,9.3573,80.9769,4.1645,12.2879,0,183.9485,12.545,15.4242,0.09260000000000002,6.550650820599888,19.0231
37071031706,Gaston County,Ashley Place / South Gastonia,2.2259,2.399,3.4649,1384,40625,25.4074,75.0731,9.2105,4.386,0,143.8563,25.6579,24.3421,1.2389999999999999,55.66287793701423,24.926900000000003
37071031800,Gaston County,Loray Mill Historic District / Ashley Place,19.2336,16.0129,16.8899,3650,43623,19.0656,18.7718,62.1307,16.9109,0,1557.1344,38.4508,10.4443,-2.3436999999999983,-12.185446302304292,81.2282
37071031901,Gaston County,Downtown Gastonia Historic District / FUSE / Loray Mill Historic District,46.942,39.6306,42.7512,596,39135,20.5811,56.582,29.5612,13.8568,0,1090.0385,24.2494,10.8545,-4.190800000000003,-8.927612798772959,43.418
37071031902,Gaston County,FUSE area,28.512,23.2729,24.2321,2394,37838,36.9705,11.2369,68.6411,8.5366,0,3081.1175,27.2213,14.0679,-4.279900000000001,-15.010872615039286,88.7631
37071032000,Gaston County,Downtown Gastonia Historic District area,31.9011,26.6307,28.2791,3201,46506,12.8035,33.5201,49.7043,9.0881,0.2179,1943.769,21.2574,10.4886,-3.622,-11.35384046318152,66.4799
37071032100,Gaston County,Downtown Gastonia Historic District / Westside,45.1354,39.9509,44.2152,2742,36211,21.3687,51.3158,31.1533,10.952,0.8514,1579.1125,18.8854,19.8142,-0.9201999999999941,-2.038754503117274,48.6842
37071032201,Gaston County,Lakewood / Westside,21.7444,22.8456,22.5021,2432,53811,9.7114,77.842,12.6397,7.0906,1.2331,1250.0399,13.1792,28.8247,0.7576999999999998,3.484575338937841,22.158
37071032202,Gaston County,Lakewood area,8.9186,8.5593,8.3168,1665,69139,6.3492,84.2733,5.3145,4.3384,0,1898.4011,21.0954,14.3709,-0.601799999999999,-6.747695826699247,15.726699999999994
37071032301,Gaston County,Lakewood area,15.1835,13.4764,14.1323,3667,75802,7.1155,83.1289,8.9943,3.8975,2.2077,1423.1636,14.1455,12.1014,-1.0511999999999997,-6.923304903349028,16.8711
37071032302,Gaston County,Riverfront Homes & Marina area,20.4867,18.3932,22.0012,3092,49886,25.8355,70.1262,6.9085,13.8486,4.0379,1425.721,15.2681,26.6877,1.5145000000000017,7.392601053366339,29.873800000000003
37071032403,Gaston County,Lakewood area,5.6517,5.3672,6.2616,2966,85966,21.3435,89.6426,2.5811,4.0371,2.1509,1213.571,22.5017,16.2475,0.6098999999999997,10.791443282552146,10.357399999999998
37071032404,Gaston County,Lakewood / Riverfront Homes & Marina,9.845,10.2909,12.4691,3542,102604,4.9465,88.5739,5.5829,5.3804,0,2536.2282,26.5548,11.8021,2.6240999999999985,26.654139156932438,11.426100000000005
37071032405,Gaston County,Lakewood area,3.9505,4.1266,5.34,3314,133185,0.9656,87.9627,5.2784,2.253,4.1841,815.0466,25.3621,16.5755,1.3895,35.17276294139982,12.037300000000002
37071032406,Gaston County,Chapel Cove / The Sanctuary,5.2949,5.5125,5.6376,2610,116060,2.5094,85.9176,0.2996,0.1873,11.0861,568.3485,30.5243,11.3483,0.3426999999999998,6.472265765170254,14.082400000000007
37071032505,Gaston County,Westside / Downtown Gastonia Historic District,19.1204,16.5966,15.3345,4233,64630,16.1208,38.5619,37.2825,13.5363,1.5097,4169.6518,27.0215,10.9007,-3.7859,-19.800317984979394,61.4381
37071032506,Gaston County,Westside area,15.2822,14.004,13.1609,4304,65991,16.0519,49.7075,26.1002,19.3589,2.5948,2861.7029000000002,16.9931,11.7019,-2.1212999999999997,-13.880854850741384,50.2925
37071032507,Gaston County,Westside / Lakewood,15.0072,12.6372,12.1603,4076,104891,1.038,63.0118,20.7765,9.7176,3.2706,1735.4435,25.2471,14.2824,-2.8468999999999998,-18.97022762407378,36.9882
37071032508,Gaston County,Lakewood area,6.3914,6.3495,7.897,2912,102216,4.5471,78.1114,15.3763,3.1476,1.809,911.47260000000006,22.6483,21.9609,1.5056000000000003,23.556654254154026,21.888599999999997
37071032509,Gaston County,Lakewood area,5.112,4.834,5.0658,2909,126350,3.4943,81.3969,6.6099,6.7121,1.3288,1328.8364,29.3356,11.0392,-0.0461999999999998,-0.903755868544597,18.603099999999998
37071032510,Gaston County,The Sanctuary / Lakewood,2.1093,3.401,4.8812,2935,122955,2.1437,84.8815,6.7695,0.6393,3.4976,567.929,21.7375,17.375,2.7718999999999996,131.41326506423928,15.118499999999997
37071032600,Gaston County,Westside area,26.2469,22.2704,22.9466,4050,95688,5.3146,73.4095,15.9439,2.9343,1.558,1867.5923,21.0854,20.2285,-3.3003,-12.574056364751646,26.590500000000006
37071032702,Gaston County,Downtown Gastonia Historic District / South Gastonia,17.8519,17.4192,18.3896,2379,66379,11.9785,64.917,25.572,2.1534,2.4226,2057.3018,13.1449,28.1292,0.537700000000001,3.0120043244696695,35.083
37071032703,Gaston County,Downtown Gastonia Historic District area,32.1352,29.1479,26.8308,2497,53333,18.6747,64.3248,24.7371,6.7312,0.589,2508.1143,24.5267,11.9478,-5.304399999999998,-16.506509995269976,35.675200000000004
37071032704,Gaston County,Downtown Gastonia Historic District area,20.8736,18.6627,17.0162,3772,56689,16.252,49.4354,34.7051,13.6763,1.1292,2646.4404,15.8846,20.2509,-3.8573999999999984,-18.479802238233933,50.5646
37071032801,Gaston County,Downtown Gastonia Historic District / FUSE,24.6785,22.9276,20.2594,2672,39543,17.1359,64.169,22.1204,1.5943,2.1124,2875.1701,23.4755,28.059,-4.4191,-17.90667990355978,35.831
37071032802,Gaston County,South Gastonia / Downtown Gastonia Historic District,18.7944,17.8437,16.4664,4088,32656,15.734,58.2488,21.2815,11.0467,0,2416.3232,23.5431,23.2531,-2.3279999999999994,-12.386668369301493,41.7512
37071032900,Gaston County,Loray Mill Historic District / FUSE,24.0028,21.8777,20.4472,3644,56719,23.7605,39.9079,35.8169,22.5142,0.6231,3350.5323,30.9672,11.7312,-3.555600000000002,-14.81327178495843,60.0921
37071033100,Gaston County,Loray Mill Historic District / South Gastonia,14.5037,12.1802,12.8005,3502,46981,13.5973,38.4683,39.604,15.4921,0,1639.1977,31.2172,11.5317,-1.7032000000000007,-11.743210353220219,61.5317
37071033202,Gaston County,South Gastonia area,7.0561,6.9204,6.9462,2157,89271,5.9973,57.219,21.0129,15.1488,0.6219,721.4065,19.3692,12.6166,-0.10989999999999966,-1.5575176088774205,42.781
37071033203,Gaston County,South Gastonia / Loray Mill Historic District,20.5352,20.3923,19.2805,2735,57740,20.8479,54.1802,26.0224,17.3724,0,2677.8652,27.6873,14.8028,-1.2546999999999997,-6.109996493825236,45.8198
37071033204,Gaston County,South Gastonia area,9.4289,8.6643,7.5855,2851,34375,28.6749,47.2682,33.9443,16.8135,0.846,1260.8152,22.3828,17.6947,-1.8434000000000008,-19.55053081483525,52.7318
37071033303,Gaston County,Westside / Downtown Gastonia Historic District,10.8228,10.678,10.9349,3527,115529,1.4278,79.2386,7.8061,4.0811,2.1912,1625.3804,21.0627,22.3227,0.11209999999999987,1.0357763240566198,20.761399999999995
37071033306,Gaston County,South Gastonia / The Sanctuary,2.3897,2.3703,2.3901,1499,85804,8.1647,89.6022,0.7676,0,5.9316,231.2381,20.1675,21.0747,3.9999999999995595e-4,0.01673850274092798,10.397800000000004
37071033308,Gaston County,The Sanctuary / Lakewood,2.3802,2.1168,2.404,1340,71641,5.2597,74.4341,11.3848,1.9308,2.8628,255.1108,15.5792,16.1119,0.023800000000000043,0.9999159734476113,25.5659
37071033309,Gaston County,South Gastonia area,2.6813,2.6526,2.7242,1829,84896,3.3443,75.6031,9.5943,7.8947,1.1513,599.3657,17.8728,14.9671,0.04290000000000038,1.5999701637265649,24.396900000000002
37071033310,Gaston County,South Gastonia area,3.4843,3.139,3.9034,2429,84940,18.7024,44.133,14.9379,38.2459,0,963.217,27.3528,11.6139,0.4190999999999998,12.028240966621697,55.867
37071033311,Gaston County,Lakewood area,2.8869,3.0597,4.3485,1329,89688,10.4664,85.5518,0,12.4005,1.479,345.6534,28.3276,12.5142,1.4615999999999998,50.628702067962166,14.4482
37071033312,Gaston County,South Gastonia / Westside,7.3158,7.9664,7.4875,4004,111525,2.0282,74.0292,16.5224,3.1165,5.6641,1670.2275,23.9921,12.4165,0.17169999999999952,2.3469750403236764,25.970799999999997
37071033313,Gaston County,South Gastonia / Westside,10.651,10.9863,10.6859,1990,133723,1.6835,78.7428,18.4261,2.5432,0.2399,1349.4537,28.023,26.5355,0.034900000000000375,0.32766876349638885,21.257199999999997
37071033400,Gaston County,South Gastonia area,5.2695,4.5185,4.9407,3451,37185,25.5102,76.9,7.3,9.1667,2.5,577.5632,21.7,15.2,-0.3288000000000002,-6.239681184173076,23.099999999999994
37071033501,Gaston County,Highgrove area,3.7063,3.3721,3.275,2907,53895,15.0868,78.0391,11.8669,7.67,0,741.3353,22.6483,16.4255,-0.43130000000000024,-11.636942503305189,21.960899999999995
37071033502,Gaston County,Highgrove / Kelly's Landing,4.0055,3.9002,4.2491,2647,97401,6.2109,90.669,0.9683,7.0423,0,556.8265,17.8697,26.0123,0.2436000000000007,6.0816377480963855,9.331000000000003
37097060100,Iredell County,Cloverdale area,21.49,24.0686,29.2674,5693,42386,21.3534,64.8762,10.4058,23.3036,0.1684,2082.8593,20.7274,25.341,7.7774,36.19078641228479,35.1238
37097060200,Iredell County,Washington Heights / Cloverdale,16.0639,17.2765,20.5279,2359,43750,27.7751,13.1667,59.2984,23.0658,0,950.877,25.3724,8.3133,4.463999999999999,27.789017610916392,86.8333
37097060300,Iredell County,Washington Heights area,14.5865,13.7243,13.5094,2776,46366,20.3016,19.8162,44.0074,33.3456,0,1081.8459,28.8235,11.9118,-1.0770999999999997,-7.384225139683953,80.1838
37097060400,Iredell County,Cloverdale / Washington Heights,11.6034,11.6522,12.6708,4502,48146,21.6368,43.9646,34.3338,20.298,0,934.688,25.4373,15.1803,1.0673999999999992,9.19902787114121,56.0354
37097060500,Iredell County,Cloverdale area,18.7296,16.1961,16.7777,4503,69556,11.7278,61.1587,24.9726,7.2855,0.0878,2537.1624,19.6182,12.1132,-1.951900000000002,-10.421471894754836,38.8413
37097060601,Iredell County,Broadview area,16.4737,17.8991,22.6579,6134,52366,11.225,47.8816,23.5494,24.4002,3.0968,1466.3708,19.4487,18.3087,6.184200000000001,37.53983622379915,52.1184
37097060602,Iredell County,Broadview area,4.4072,4.9808,6.9651,2036,80845,7.1171,82.4136,2.1145,8.3032,0.4642,646.4458,26.9727,26.6632,2.5579,58.03911780722455,17.586399999999998
37097060603,Iredell County,Broadview area,6.4661,7.3107,9.3904,1500,70518,21.5198,83.5239,6.3215,3.0262,5.38,164.1394,18.6954,21.7216,2.9242999999999997,45.22509704458638,16.476100000000002
37097060701,Iredell County,Broadview area,2.0473,2.2864,3.0437,3625,46934,27.0536,56.8155,22.2024,20.9821,0,188.9801,24.8512,11.2202,0.9964,48.66897865481366,43.1845
37097060702,Iredell County,Iredell County,1.0608,1.1286,1.5064,4647,69955,5.9212,69.2714,10.0374,15.4523,2.0031,163.3178,24.5653,15.4744,0.4456,42.00603318250377,30.7286
37097060703,Iredell County,Broadview area,2.7104,2.7475,4.332,2928,76161,4.1879,61.0937,18.8436,13.201,0,206.4898,24.1031,18.3908,1.6216,59.828807556080285,38.9063
37097060801,Iredell County,Iredell County,0.5634,0.5071,0.6419,3676,68854,9.3355,90.678,1.2028,6.5883,0,71.1795,16.8671,16.7031,0.07850000000000001,13.933262335818249,9.322000000000003
37097060802,Iredell County,Iredell County,1.8638,1.842,1.6673,3954,71518,19.6259,76.9664,18.6267,0.4356,1.5117,93.6807,26.9792,14.143,-0.1964999999999999,-10.542976714239721,23.033600000000007
37097060901,Iredell County,Iredell County,0.4758,0.5288,0.5907,3588,64637,8.0742,82.1398,0.3424,10.3852,0.3138,58.9957,21.1127,19.1441,0.1149,24.14880201765448,17.860200000000006
37097060902,Iredell County,Iredell County,0.5636,0.6252,0.722,3602,58231,8.0453,87.4759,8.1931,0,0,70.2191,16.8552,25.4621,0.15839999999999999,28.105039034776436,12.524100000000004
37097061001,Iredell County,Cloverdale / Broadview,2.643,2.4789,3.5227,4926,69855,9.5661,72.0455,7.0868,6.1777,10.9917,338.256,23.0992,17.2727,0.8797000000000001,33.284146802875526,27.954499999999996
37097061002,Iredell County,Iredell County,1.1163,1.0625,1.3691,3923,80781,8.9905,89.6786,1.1552,7.7348,0,164.2176,17.2024,17.1271,0.2527999999999999,22.646242049628228,10.321399999999997
37097061003,Iredell County,Cloverdale area,5.3007,5.1308,6.0219,3908,57566,13.5135,76.329,16.054,7.5377,0,441.7517,20.4972,23.6445,0.7211999999999996,13.605750183937964,23.671000000000006
37097061101,Iredell County,Iredell County,0.9806,0.9917,1.0461,2855,56375,18.4594,84.4899,3.7821,10.0278,0,146.8143,24.2193,19.7779,0.0655,6.6795839282072205,15.510099999999994
37097061102,Iredell County,Iredell County,2.0811,1.9788,2.1946,3563,62768,10.0512,77.1909,6.1825,3.4214,9.8139,213.3436,16.9868,19.0876,0.11349999999999971,5.453846523473149,22.8091
37097061103,Iredell County,Iredell County,1.3135,1.3908,1.5602,2960,52675,19.4297,88.6936,7.4934,1.5584,0,209.5617,19.496,18.3687,0.24670000000000014,18.78188047202133,11.306399999999996
37097061104,Iredell County,Washington Heights area,2.0935,2.2179,2.7216,2435,54609,10.5778,71.0721,21.7652,2.6802,0,265.1018,22.8281,18.1608,0.6280999999999999,30.00238834487699,28.927899999999994
37097061201,Iredell County,Washington Heights / Norwood Walk,2.1347,2.3785,3.1088,5526,91667,3.1749,71.3744,11.7694,7.1015,0.7979,435.0683,26.4512,13.1658,0.9741,45.631704689183486,28.625600000000006
37097061202,Iredell County,Aberdeen Village / Norwood Walk,3.6304,3.8054,5.4752,6262,68750,5.4293,69.2254,23.5661,3.8122,1.2996,508.1045,23.7221,17.8132,1.8448000000000002,50.815337152930816,30.774600000000007
37097061203,Iredell County,Aberdeen Village area,5.4195,5.3554,7.2113,7084,94521,2.8292,69.6881,10.454,7.3965,7.0259,1027.5832,24.197,15.2718,1.7917999999999994,33.06209059876371,30.311899999999994
37097061204,Iredell County,Aberdeen Village area,3.1003,2.9879,4.0658,4689,148194,2.0607,86.3727,0.842,3.8334,3.08,865.6993,21.848,21.5378,0.9655000000000005,31.14214753410962,13.627300000000005
37097061205,Iredell County,Aberdeen Village / Washington Heights,1.2942,1.2993,1.5969,4176,78969,2.6921,88.7454,5.5055,3.5323,1.1206,221.7686,18.7576,25.6029,0.30269999999999997,23.388966156699116,11.254599999999996
37097061301,Iredell County,Norwood Walk / Broadview,1.4199,1.4637,1.9769,3130,53139,13.4978,73.6645,9.5951,4.9337,0,213.4605,17.591,11.1262,0.5570000000000002,39.228114655961704,26.335499999999996
37097061302,Iredell County,Norwood Walk / Aberdeen Village,1.797,2.0396,2.8363,5785,81466,3.5831,81.4474,5.4142,5.3781,3.0139,336.4573,25.5008,16.1343,1.0393000000000001,57.83528102392878,18.552599999999998
37097061303,Iredell County,Mooresville,4.9028,5.193,7.449,5867,108056,4.2064,79.6322,4.7854,10.78,0.9537,494.9541,22.9734,12.9939,2.5462,51.933588969568405,20.367800000000003
37097061304,Iredell County,Iredell County,9.2308,8.7442,12.5912,5478,81058,6.0091,70.6211,16.4689,7.2226,0.9944,712.9669,17.7251,14.358,3.3604000000000003,36.404211985960046,29.3789
37097061401,Iredell County,Iredell County,2.5583,2.6895,3.3578,5485,191538,3.3929,94.2321,0,1,1.6964,1194.1367,24.5179,12.75,0.7995000000000001,31.251221514286836,5.767899999999997
37097061402,Iredell County,Iredell County,11.1018,11.6168,11.8222,6946,104906,3.7581,84.1198,1.6813,6.8946,5.1568,1645.5504,19.9774,11.5993,0.7203999999999997,6.489037813687867,15.880200000000002
37097061403,Iredell County,Mooresville,33.8285,33.3523,36.5051,4153,70278,6.8161,68.2478,10.4857,11.507,8.6927,1536.3521,22.197,16.9995,2.6766000000000005,7.91226332825872,31.752200000000002
37097061404,Iredell County,Iredell County,8.9482,8.3785,12.1281,3962,78775,4.3159,74.6368,13.5096,2.8472,2.8181,1061.5124,15.3109,17.3155,3.1799,35.53675599561923,25.363200000000006
37097061405,Iredell County,Iredell County,7.1392,7.5015,8.4587,3507,124722,1.2233,81.2802,3.3286,9.5875,3.5277,1298.3172,18.1508,19.9431,1.3195000000000006,18.482463021066792,18.719800000000006
37097061406,Iredell County,Iredell County,3.3652,3.3835,4.9046,5754,203750,2.3207,82.6828,0,11.4803,1.5471,1221.5542,23.9276,20.0422,1.5394,45.744680851063826,17.3172
37097061407,Iredell County,Hopewell / Caldwell / Birkdale,4.2946,4.2123,5.2534,4823,109337,5.9979,86.8825,6.6625,3.7152,1.5152,582.9158,20.5064,20.4442,0.9588000000000001,22.32571135845015,13.117500000000007
37097061408,Iredell County,Iredell County,2.2917,2.7244,3.2787,5534,118720,4.7493,75.8775,7.4683,10.6423,0.8215,488.0883,29.9664,7.5056,0.9870000000000001,43.06846445869879,24.122500000000002
37097061501,Iredell County,Mooresville,9.1481,8.7378,11.0327,5096,77075,10.3435,78.5755,6.4255,7.7633,2.5438,2613.4761,33.8986,16.3558,1.8846000000000007,20.600999114570246,21.424499999999995
37097061502,Iredell County,Iredell County,4.3124,4.7357,6.6682,5066,89703,5.2848,80.9019,5.2988,6.9899,1.1274,829.2716,26.7869,13.4837,2.3557999999999995,54.62851312494202,19.098100000000002
37097061503,Iredell County,Mooresville,6.7287,6.5863,8.6794,4956,84219,12.6286,77.1451,14.7261,3.9859,1.9242,1589.4617,21.5001,13.8033,1.9506999999999994,28.99074115356606,22.8549
37097061601,Iredell County,Mooresville,23.0015,21.6647,25.8151,3454,53152,15.5638,44.8441,31.8348,12.8969,2.0511,2013.3585,24.5575,10.7334,2.813600000000001,12.23224572310502,55.1559
37097061603,Iredell County,Mooresville,9.8005,11.0538,13.1482,5155,84020,8.5679,69.6654,5.5896,2.5296,12.4235,1810.3126,19.6246,12.3419,3.3476999999999997,34.158461302994745,30.334599999999995
37097061604,Iredell County,Iredell County,4.0131,4.4482,5.4498,1742,107983,16.4505,78.2253,14.1297,5.0512,0.9556,1177.5291,19.0444,31.9454,1.4367,35.80025416760111,21.774699999999996
37097061605,Iredell County,Mooresville,5.2922,6.8235,8.5173,2821,102770,4.5949,80.8545,1.6123,7.1342,9.8347,1427.8438,24.4659,8.1822,3.2251000000000003,60.94062960583501,19.1455
37109070100,Lincoln County,Lincolnton,16.97,16.0901,14.1771,5401,38860,21.363,55.3347,19.7762,22.0529,0.2894,1720.6194,24.426,18.9851,-2.7928999999999995,-16.457866823806718,44.6653
37109070201,Lincoln County,Lincoln County,11.4507,9.5411,11.3384,5684,52603,16.9364,57.6824,20.6637,17.9868,0,1216.2198,24.6975,13.7697,-0.1122999999999994,-0.9807260691486058,42.3176
37109070202,Lincoln County,Lincoln County,4.7781,4.1135,4.8311,3107,88507,7.069,74.6552,10.5172,9.7241,4.3793,708.3457,17.2069,21.3448,0.052999999999999936,1.1092275172139539,25.344800000000006
37109070300,Lincoln County,Lincoln County,5.758,5.5501,6.2431,3953,61042,5.9164,72.0377,8.9489,14.9232,0.4462,476.8226,20.8726,26.9212,0.4851000000000001,8.424800277874263,27.9623
37109070400,Lincoln County,Lincoln County,2.3232,2.141,2.4091,5837,73700,14.899,88.2764,2.2981,7.8268,0.5995,298.1889,18.1848,18.7011,0.08590000000000009,3.6974862258953207,11.723600000000005
37109070500,Lincoln County,Lincoln County,0.9242,0.8805,1.0658,5032,59358,15.1765,92.4021,3.185,2.2256,0.1727,109.541,15.6178,21.6232,0.14160000000000006,15.321359013200611,7.597899999999996
37109070600,Lincoln County,Lincoln County,0.9212,0.9205,1.0339,4409,71753,11.5663,81.4547,2.1685,14.9763,0,133.0055,18.726,20.8493,0.11270000000000002,12.234042553191493,18.545299999999997
37109070700,Lincoln County,Lincoln County,0.9361,0.7891,1.0249,3755,73657,7.5257,89.3957,1.9669,1.6534,0.9692,131.3316,21.5222,16.6762,0.08879999999999988,9.486166007905126,10.604299999999995
37109070800,Lincoln County,Lincoln County,3.1259,2.8159,2.682,6652,70585,11.829,77.3096,9.3945,3.6205,0.078,294.4779,15.6679,18.196,-0.4439000000000002,-14.20071019546371,22.690399999999997
37109070901,Lincoln County,Lincoln County,1.7688,1.7104,1.9364,4064,81250,7.1447,84.9987,0.5848,13.7046,0,372.2774,23.2901,15.2301,0.16759999999999997,9.47535052012664,15.0013
37109070902,Lincoln County,Lincoln County,1.7356,1.6855,2.0059,7259,73413,4.5195,88.7061,4.313,1.3409,2.5021,221.884,23.6798,14.5148,0.2703,15.573864945840054,11.293899999999994
37109071001,Lincoln County,Lincoln County,2.2783,2.122,2.2081,4987,74026,3.6434,83.0099,1.7027,12.0652,0,223.03,25.833,14.0059,-0.07020000000000026,-3.0812447877803737,16.990099999999998
37109071002,Lincoln County,Lincoln County,2.0234,2.2584,2.3044,3319,63698,14.3746,76.1297,9.6595,11.8206,0,195.8056,27.0138,14.7675,0.2809999999999997,13.887516062073722,23.8703
37109071101,Lincoln County,Lincoln County,4.1697,4.7235,6.66,8048,91471,6.8941,87.6598,4.0045,4.7288,0.7384,438.1442,22.167,12.4396,2.4903000000000004,59.72372113101663,12.340199999999996
37109071102,Lincoln County,Villas of Cowans Ford area,5.3326,6.5862,6.9688,8320,120227,3.3136,92.7686,2.1113,2.5537,1.5171,610.2411,19.3173,25.6131,1.6361999999999997,30.682968908224876,7.231399999999994
37109071201,Lincoln County,Villas of Cowans Ford area,3.5256,3.9747,4.9006,1828,111875,4.3339,94.168,0,4.0128,0,792.1708,14.0182,30.9791,1.375,39.00045382346268,5.831999999999994
37109071202,Lincoln County,Villas of Cowans Ford area,3.4704,3.6512,5.0979,4312,119667,2.8495,91.7698,3.1561,2.0636,0.8254,1545.972,14.5909,33.8189,1.6275,46.89661134163209,8.230199999999996
37109071203,Lincoln County,Lincoln County,2.8898,3.2195,4.1139,6749,146339,4.5723,95.1552,0.6813,2.5284,1.1204,1232.853,22.7706,16.1241,1.2241,42.35933282580109,4.844800000000006
37119000101,Mecklenburg County,Second Ward / Uptown,138.4777,144.3536,166.9895,1280,106601,13.610900000000001,57.0056,4.8038,20.0961,14.0913,5078.1669,0.4003,9.3675,28.511799999999994,20.589452308927715,42.9944
37119000102,Mecklenburg County,Third Ward / Uptown,145.5396,155.8383,219.6272,2951,129693,7.3976,61.2291,8.915,12.2914,8.915,15413.4558,3.8695,1.5554,74.08759999999998,50.905458033414945,38.7709
37119000103,Mecklenburg County,Fourth Ward / Gateway / Uptown,140.4373,149.5851,220.0005,1938,135533,0,53.5101,17.0349,11.8802,9.4747,27967.7327,4.7128,3.191,79.5632,56.65389465619177,46.4899
37119000104,Mecklenburg County,First Ward / Uptown,161.8828,177.8755,213.0127,1948,109805,8.2335,68.2126,18.3429,4.8463,2.9703,8245.3233,2.9703,8.1813,51.12989999999999,31.58451669973585,31.787400000000005
37119000301,Mecklenburg County,Midtown / Cherry,81.4181,72.9324,73.4087,1151,97411,6.2613,69.4192,10.5263,5.4446,11.5245,15204.2981,2.3593,2.6316,-8.0094,-9.8373703144632465,30.580799999999996
37119000302,Mecklenburg County,Second Ward / Midtown,78.3792,76.692,73.781,1566,78341,7.948,42.2688,30.4191,11.4162,1.1561,6619.578,6.1416,9.8266,-4.598199999999991,-5.866607467287229,57.7312
37119000401,Mecklenburg County,South End / Second Ward,76.4828,69.7016,81.1861,1667,92500,7.2808,83.0116,10.7557,1.1031,5.1296,12563.1727,1.5996,6.0121,4.703299999999999,6.149487204966344,16.9884
37119000402,Mecklenburg County,South End / Third Ward / Wilmore,86.7279,78.9195,86.2679,2364,74296,7.8726,86.1123,2.3441,3.0075,4.5113,5960.9633,1.1499,0,-0.46000000000000796,-0.5303944866646234,13.887699999999995
37119000501,Mecklenburg County,Third Ward / Gateway,97.7496,91.6456,130.1025,2129,81696,14.6777,43.7227,24.5759,16.5778,6.6893,6058.7746,8.095,3.587,32.35289999999999,33.09773134621522,56.2773
37119000502,Mecklenburg County,Gateway / Fourth Ward,85.7394,70.5351,89.8266,1781,90463,11.4488,61.8866,6.3098,16.6348,14.3403,6857.5043,12.2371,0.2549,4.087199999999996,4.767003268042458,38.1134
37119000503,Mecklenburg County,Fourth Ward / First Ward,116.0029,112.5019,130.3354,1680,72155,17.9074,50.8384,29.108,12.3407,3.1522,9135.703,0,32.7968,14.332499999999996,12.355294565911711,49.1616
37119000600,Mecklenburg County,First Ward area,124.19970000000001,112.4514,117.5266,3826,80341,25.2039,38.0582,47.2403,5.9207,4.6663,9223.783,9.5835,4.4155,-6.673100000000005,-5.372879322574857,61.9418
37119000700,Mecklenburg County,Optimist Park / NoDa,53.5564,54.897,67.5103,3210,88750,6.3377,45.9687,38.0666,8.3032,3.7706,6544.9461,4.7734,1.6446,13.953900000000004,26.054589180751513,54.0313
37119000800,Mecklenburg County,Belmont area,59.3016,56.0581,58.5215,3245,61744,19.451,36.2906,57.6163,1.9417,2.4774,6236.7902,17.7101,8.7713,-0.7800999999999974,-1.3154788403685522,63.7094
37119000900,Mecklenburg County,Villa Heights area,33.0547,32.2434,37.2793,2117,99904,7.6965,53.0022,30.786,12.0633,1.6376,4870.8033,10.7533,13.7009,4.224600000000002,12.780633313870654,46.9978
37119001000,Mecklenburg County,Plaza Midwood / Villa Heights,43.8835,39.3344,42.2931,3341,95417,3.3083,75.0677,9.0226,3.2782,3.6391,5455.1228,13.8647,11.3083,-1.5903999999999954,-3.6241411920197693,24.932299999999998
37119001100,Mecklenburg County,Chantilly / Plaza Midwood,36.8771,33.0494,34.4179,3676,107413,5.1304,85.7864,5.4107,2.6353,2.7474,4958.6913,12.9521,7.1208,-2.4591999999999956,-6.66863717591675,14.2136
37119001200,Mecklenburg County,Plaza Shamrock area,26.0881,22.3129,23.9063,4950,81580,13.9095,43.8373,20.3829,29.3777,2.5329,3054.1825,22.5967,9.3937,-2.181799999999999,-8.363200079729834,56.1627
37119001300,Mecklenburg County,Plaza Shamrock area,27.2765,24.4935,24.3383,3882,61192,15.4527,49.6939,27.9082,13.0102,5.051,3853.0486,14.0306,11.9643,-2.9381999999999984,-10.771909885799126,50.3061
37119001400,Mecklenburg County,NoDa / Plaza Shamrock,35.3647,31.8253,35.2748,3981,101645,5.9914,61.5816,20.9725,8.8165,0.8282,4882.2208,17.3123,3.6602,-0.08990000000000009,-0.254208292449816,38.4184
37119001504,Mecklenburg County,Plaza Shamrock / Devonshire / Candlewood,25.3757,22.7152,20.8197,6294,52207,14.2857,17.8353,53.5555,17.8848,6.3356,4632.1584,18.346800000000002,11.2193,-4.555999999999997,-17.954184515106963,82.1647
37119001505,Mecklenburg County,Newell area,24.8142,24.9916,26.0062,5720,54349,14.505,18.3428,22.2594,54.1035,3.7788,2827.533,31.4111,4.9793,1.1920000000000002,4.803701106624434,81.6572
37119001507,Mecklenburg County,Devonshire / Candlewood,34.5656,27.8455,25.9758,4920,53383,24.086,4.0506,43.2717,52.2882,0,5920.9576,34.6641,6.1344,-8.589800000000004,-24.850718633554756,95.9494
37119001508,Mecklenburg County,Devonshire / Embassy East / Hickory Grove,20.1965,18.3029,18.351,5953,66027,13.0003,23.1227,57.7076,15.5144,2.4314,2724.8198,24.0159,14.952,-1.8455000000000013,-9.137721882504401,76.8773
37119001509,Mecklenburg County,Fairfax Woods / Newell / Candlewood,27.6223,26.0041,24.723,3237,56183,15.0644,4.535,59.5867,29.2767,4.4202,2333.5019,35.4191,14.9541,-2.8993,-10.49622949573352,95.465
37119001510,Mecklenburg County,Candlewood area,32.9133,27.9905,25.674,3014,53387,19.2108,6.2212,61.6071,24.2224,4.7523,4256.4902,25.7488,15.5818,-7.2393,-21.995059747883076,93.7788
37119001603,Mecklenburg County,Eastland / Plaza Shamrock,23.7049,20.3564,19.468,4711,60196,21.5172,26.7506,34.6285,27.0495,8.5184,4905.8761,22.6729,16.5884,-4.2368999999999986,-17.87351982079654,73.24940000000001
37119001605,Mecklenburg County,Plaza Shamrock / Eastland / Echo Hills,36.4388,30.2954,30.4574,1661,45307,22.4417,24.8953,25.7929,40.5745,6.4034,4254.9109,26.0323,8.6176,-5.981400000000001,-16.414920359616676,75.10470000000001
37119001606,Mecklenburg County,Eastland area,33.8618,29.0436,27.2497,4273,76154,22.1087,28.5515,18.8254,34.8189,15.5525,5636.8471,23.2358,15.1578,-6.612100000000002,-19.526723328352304,71.4485
37119001607,Mecklenburg County,Eastland area,40.2924,31.7028,35.2355,2342,42625,22.7377,14.9963,48.4781,35.3007,0,3340.6391,31.4402,14.4766,-5.056899999999999,-12.550505802583114,85.0037
37119001608,Mecklenburg County,Plaza Shamrock / Devonshire / Eastland,29.2024,25.9558,24.312,3605,50357,31.3271,15.7129,40.4292,37.3952,2.0227,4641.4219,23.2856,11.3715,-4.8904,-16.746568775169163,84.2871
37119001609,Mecklenburg County,Eastland / Hickory Grove,24.2762,21.4154,20.2954,3121,60189,15.007,15.7433,34.2216,40.0421,3.3661,3981.5922,21.1431,14.8668,-3.9807999999999986,-16.397953551214766,84.2567
37119001701,Mecklenburg County,Coliseum Drive / Echo Hills,41.3821,39.0544,35.1961,4369,58237,35.359,36.1918,29.2145,29.6421,1.643,7485.8267,26.8962,3.2861,-6.186,-14.948492222482669,63.8082
37119001702,Mecklenburg County,Eastland / Oakhurst / Echo Hills,39.818600000000004,33.282,32.6201,6569,70212,24.7269,24.5095,15.9185,46.2842,10.2556,4611.204,29.6968,3.582,-7.198500000000003,-18.078234794794398,75.4905
37119001801,Mecklenburg County,Coliseum Drive / Echo Hills,56.5475,49.3958,49.0886,1126,53077,14.9158,64.9559,28.7891,3.0473,1.9246,1491.0789,17.6423,5.4531,-7.4589,-13.19050355895486,35.0441
37119001802,Mecklenburg County,Oakhurst area,33.0543,30.098,30.8198,3680,71343,5.5556,59.4671,20.0964,6.9444,6.9161,3567.4287,17.8855,10.0057,-2.234499999999997,-6.7600887025288605,40.5329
37119001910,Mecklenburg County,Idlewild area,33.519,29.1524,24.9552,5375,47868,18.7133,8.0585,35.6072,40.5547,11.9753,5291.603,33.8643,9.4453,-8.563799999999997,-25.54909156001073,91.9415
37119001911,Mecklenburg County,Idlewild area,17.7904,14.8433,13.9984,6129,58594,7.4396,13.5446,46.1993,26.3996,11.7715,5048.6182,22.8862,11.755,-3.7920000000000016,-21.314866444824183,86.4554
37119001914,Mecklenburg County,Rama area,30.3509,28.7849,27.4008,4091,49279,13.5249,30.7872,27.2366,28.0542,8.3859,2914.6283,27.0731,5.0222,-2.950099999999999,-9.71997535493181,69.2128
37119001916,Mecklenburg County,Hickory Grove / Idlewild,17.9599,16.052,16.2026,4216,46696,19.621,23.0769,50.078,20.0223,3.835,3029.5696,29.097,10.6355,-1.7573000000000008,-9.78457563794899,76.9231
37119001917,Mecklenburg County,Downtown / Idlewild / Hickory Grove,15.7396,14.8895,14.3917,3754,54839,33.7982,34.0772,25.4533,36.8666,0.4881,2531.8757,28.4751,12.4826,-1.3478999999999992,-8.563750031767002,65.9228
37119001918,Mecklenburg County,Eastland area,34.1772,31.9242,35.853,3732,50833,18.5105,15.6828,52.8514,25.988,3.6768,4826.2335,29.1146,5.6528,1.6758000000000024,4.903268845897272,84.3172
37119001919,Mecklenburg County,Eastland / Idlewild / Rama,47.8038,43.13,58.6868,3939,56750,14.185,29.4524,35.896,22.5387,6.6648,4685.8353,16.4546,12.0022,10.882999999999996,22.76597257958571,70.5476
37119001920,Mecklenburg County,Idlewild area,45.6333,46.2219,55.7173,5546,80547,19.0078,17.4509,28.103,45.5539,6.8173,5293.7879,29.9185,8.7255,10.084000000000003,22.09789780708387,82.5491
37119001921,Mecklenburg County,Idlewild area,31.5212,34.8188,37.9109,2616,65263,5.4524,26.0736,28.7577,25.115,17.2546,2635.3963,25.2684,12.1549,6.389699999999998,20.271119119830455,73.9264
37119001922,Mecklenburg County,Hickory Grove area,22.9109,20.4711,20.4839,5992,60114,12.8518,16.6497,39.081,32.7569,6.3072,4110.9518,29.9932,8.5622,-2.427000000000003,-10.593211091663807,83.3503
37119001923,Mecklenburg County,Hickory Grove area,26.034,21.1611,24.7621,3500,57643,19.7343,29.6983,46.8586,21.6717,0,4117.9312,16.9112,11.9291,-1.2718999999999987,-4.885534301298297,70.3017
37119001924,Mecklenburg County,Hickory Grove / Eastland,39.2675,33.5538,32.0569,3008,41954,10.1689,8.0317,23.6125,51.6718,11.6167,7191.7615,35.3671,12.2372,-7.2105999999999995,-18.362768192525625,91.9683
37119001925,Mecklenburg County,Hickory Grove area,41.232,33.9727,33.4191,5343,49792,8.0949,8.8253,58.7746,26.3542,4.6865,6160.2257,31.1422,4.2402,-7.812899999999999,-18.948632130384166,91.1747
37119001926,Mecklenburg County,Rama / Idlewild,40.8482,46.209,40.7711,3310,41722,24.0048,31.5742,48.1303,15.4704,0.965,4592.6843,20.3257,8.655,-0.0771000000000015,-0.1887476069937023,68.4258
37119001927,Mecklenburg County,Idlewild / Rama,41.5319,36.821,30.8116,2709,44878,15.2516,12.1069,60.4167,25.8648,0,6890.634,17.4135,3.577,-10.720300000000002,-25.812207002328336,87.8931
37119002004,Mecklenburg County,Mason Oaks / Rama / Providence,18.2328,16.6145,16.5538,4698,115600,7.0787,50.0936,25.1873,14.5318,6.9476,2617.0713,25.8052,9.6067,-1.679000000000002,-9.208678864464053,49.9064
37119002005,Mecklenburg County,Cotswold area,23.3847,23.9052,26.7886,3188,130304,2.55,69.5492,13.222,9.8164,2.7379,4589.5382,17.0284,15.6594,3.4039,14.55609864569569,30.4508
37119002006,Mecklenburg County,Mason Oaks / Rama / Cotswold,15.7237,15.099,16.8686,4057,143649,3.405,86.4594,3.4353,5.4664,3.0592,2613.8868,26.6048,15.5968,1.1449000000000016,7.281365073106213,13.540599999999998
37119002007,Mecklenburg County,Rama area,19.9755,15.4317,12.8745,2484,75633,25.1019,55.6275,29.4332,5.1822,3.7247,2607.7902,22.7126,22.2267,-7.101000000000001,-35.5485469700383,44.3725
37119002008,Mecklenburg County,Rama area,12.9347,11.5777,12.881,3156,163672,1.6965,87.1191,2.2934,4.3669,3.3302,2187.0094,19.1329,20.3896,-0.05369999999999919,-0.4151623153223437,12.880899999999997
37119002100,Mecklenburg County,Mason Oaks / Oakhurst,22.1752,20.8413,20.1159,3030,60858,7.0299,58.9917,17.8227,9.4412,8.5742,4939.8475,23.0893,11.8497,-2.0593000000000004,-9.286500234496195,41.0083
37119002201,Mecklenburg County,Cotswold / Grier Heights,31.8559,27.4817,28.4457,3012,167500,4.0962,72.9104,8.8433,9.0672,5.3358,3676.1865,30.6343,8.694,-3.4101999999999997,-10.705081319316045,27.089600000000004
37119002202,Mecklenburg County,Lionsgate / Cotswold,26.5408,23.2499,24.6055,3110,122981,4.5812,77.9487,16.7521,0.3077,0.4444,3627.2971,15.6923,18.4615,-1.9353000000000016,-7.291792259464678,22.051299999999998
37119002300,Mecklenburg County,Grier Heights / Echo Hills,45.5569,37.9649,35.4817,3520,21414,49.3342,1.8975,88.7816,4.3941,0.7656,4769.3189,41.7111,9.7204,-10.075200000000002,-22.115640001843854,98.1025
37119002400,Mecklenburg County,Rosemont / Crescent Heights,43.4211,36.5259,39.4073,3152,95618,6.2364,82.5314,3.8308,10.2053,1.3485,5720.963,12.7797,5.7309,-4.013800000000003,-9.243892946056187,17.468599999999995
37119002500,Mecklenburg County,Elizabeth area,88.0662,71.3229,78.3912,2209,105114,4.5283,80.6974,8.8834,5.9361,2.6567,3732.9892,8.0531,6.5587,-9.674999999999997,-10.986053673259432,19.302599999999998
37119002600,Mecklenburg County,Cherry / Midtown,68.1405,61.3788,64.6497,1375,92143,10.6265,60.8722,27.887,2.2113,3.8698,5054.1123,15.7862,8.1695,-3.4908000000000072,-5.122944504369658,39.1278
37119002701,Mecklenburg County,Colonial Heights / Myers Park,36.132,31.8789,38.0542,2964,246892,0.3144,90.1309,1.9134,6.7808,0,4594.082,17.0863,17.6569,1.9222000000000037,5.31993800509245,9.869100000000003
37119002702,Mecklenburg County,Myers Park / Barclay Downs,24.6687,22.8643,27.0303,5727,250001,1.3448,88.5957,2.0596,3.4213,2.4681,4342.6303,24.766,10.7064,2.3615999999999993,9.573264906541484,11.404300000000006
37119002800,Mecklenburg County,Eastover / Pharr Acres / Briarcliff,21.8707,20.165,22.9504,3718,242125,1.6843,94.2135,0.9237,1.0867,1.3855,3432.1779,25.2105,23.9337,1.079699999999999,4.9367418509695575,5.786500000000004
37119002903,Mecklenburg County,Foxcroft / SouthPark,26.9873,25.9905,32.2189,4661,146136,5.7346,83.5964,8.1351,3.0896,4.3788,2839.1372,23.872,12.9362,5.231599999999997,19.385414620951323,16.403599999999997
37119002905,Mecklenburg County,Foxcroft area,21.6587,19.0418,22.4821,3426,190701,3.0657,83.6204,1.6934,8.9051,2.3066,2458.1983,27.2117,14.3358,0.8233999999999995,3.8017055501946078,16.379599999999996
37119002907,Mecklenburg County,Foxcroft / SouthPark,21.0314,18.309,20.3314,4122,134250,5.6358,67.5823,6.1094,5.4937,14.6341,4331.6514,31.3284,10.206,-0.7000000000000028,-3.3283566476791977,32.417699999999996
37119002908,Mecklenburg County,Cotswold / Providence / SouthPark,14.1521,13.7406,14.8199,3617,135875,4.088,81.4467,7.4544,6.3501,3.037,2453.7446,22.5014,24.8482,0.6677999999999997,4.718734322114737,18.553299999999993
37119002909,Mecklenburg County,Barclay Downs / SouthPark,50.4372,62.0972,68.5323,1543,156250,0.9079,79.5071,2.8534,1.1673,12.8405,1935.1303,21.4008,10.1816,18.09510000000001,35.876495919678355,20.492900000000006
37119002910,Mecklenburg County,Parkdale / Barclay Downs,38.9095,51.6249,51.0427,3072,113281,1.6068,79.0485,3.0561,2.804,2.8986,4168.7241,18.5885,11.8463,12.133200000000002,31.183130083912673,20.951499999999996
37119003006,Mecklenburg County,SouthPark / Beverly Woods / Quail Hollow,19.7479,17.5288,18.0339,4596,143462,2.3601,89.1436,4.0234,0.8541,2.4275,3991.2171,19.982,15.9586,-1.7140000000000022,-8.679403885982824,10.856399999999994
37119003008,Mecklenburg County,Carmel / Quail Hollow,24.1694,18.9669,22.8183,5941,87472,6.6524,75.012,3.6016,18.3426,2.4701,3019.5867,26.4064,19.7291,-1.3510999999999989,-5.59012635812225,24.988
37119003012,Mecklenburg County,Quail Hollow / Carmel,20.2865,18.147,21.3152,3920,98938,12.3529,72.7112,6.8032,10.5969,2.5038,2299.4466,23.6469,23.2929,1.0287000000000006,5.07085993148153,27.288799999999995
37119003013,Mecklenburg County,Providence / Carmel / Quail Hollow,16.3137,13.8893,14.5606,5078,159958,1.2127,88.8798,1.6033,2.6105,4.7276,2154.1439,27.2148,16.0329,-1.7530999999999999,-10.746182656295016,11.120199999999997
37119003015,Mecklenburg County,Providence area,12.6514,10.7385,11.6937,5561,140054,5.5095,78.8375,5.1467,7.0542,4.4448,3087.5355,25.1575,18.8771,-0.9577000000000009,-7.569913211186121,21.162499999999994
37119003016,Mecklenburg County,Providence area,22.4419,18.7786,20.9362,4021,105318,5.9264,56.3364,15.4369,6.5355,15.6243,3462.4853,23.6121,7.5193,-1.505700000000001,-6.709324968028558,43.6636
37119003017,Mecklenburg County,Providence area,16.9644,13.4241,14.5784,3796,127375,5.2231,74.5919,9.6844,6.5016,4.8694,2914.7864,24.7008,19.9402,-2.386000000000001,-14.064747353280994,25.408100000000005
37119003018,Mecklenburg County,Providence area,27.8173,20.9067,22.9942,2508,112130,1.6276,75.9905,4.9525,9.7464,8.7559,3511.089,17.9477,15.3328,-4.8231,-17.33849079529645,24.009500000000003
37119003019,Mecklenburg County,SouthPark / Quail Hollow,15.5094,13.3877,14.1244,2397,157788,4.4268,79.9161,8.0615,6.0578,1.5843,2325.6011,25.3029,18.3597,-1.3849999999999998,-8.93006821669439,20.0839
37119003020,Mecklenburg County,Quail Hollow / SouthPark,13.3376,11.9593,13.3748,4441,242399,2.0183,92.904,2.2014,2.0609,2.8337,1822.9342,24.0749,26.9789,0.037200000000000344,0.2789107485604632,7.096000000000004
37119003021,Mecklenburg County,Quail Hollow / Beverly Woods,17.4002,15.7507,18.6152,2716,172619,0.4635,88.3422,3.6364,1.3904,2.1747,3368.7433,29.3405,6.631,1.2149999999999999,6.9826783600188485,11.657799999999995
37119003022,Mecklenburg County,Beverly Woods / SouthPark,22.4189,22.5202,22.3435,3955,162361,4.3127,83.4128,2.0403,2.1728,6.8098,3426.881,28.0869,27.7954,-0.07540000000000191,-0.3363233700137023,16.587199999999996
37119003102,Mecklenburg County,Montclaire / Parkdale,28.1912,24.6962,26.2624,4035,85365,7.6334,66.9363,8.701,18.9461,0.8088,2727.9913,15.3431,18.848,-1.928799999999999,-6.841851357870538,33.0637
37119003105,Mecklenburg County,Huntingtowne Farms area,19.9742,16.9616,17.5293,3685,126071,6.4437,89.2173,3.3114,2.0799,1.6694,2814.239,21.0454,22.1401,-2.4449000000000005,-12.240289974066549,10.782700000000006
37119003106,Mecklenburg County,Starmount / Montclaire,29.559,27.5249,29.4186,4645,104728,18.7626,44.667,15.2373,35.1545,2.0461,5380.3764,28.3848,8.8158,-0.14039999999999964,-0.47498223891200525,55.333
37119003108,Mecklenburg County,Starmount / Huntingtowne Farms,43.1912,43.4001,41.4374,4018,48762,19.6186,19.8758,17.1677,55.7764,1.8385,6614.2262,31.6025,8.9938,-1.7538000000000054,-4.0605493711682135,80.1242
37119003109,Mecklenburg County,Starmount area,52.4743,48.0992,55.2698,4143,54964,16.7177,9.0056,17.9409,68.9259,1.5009,14156.8243,26.2899,1.8527,2.795499999999997,5.327369779110912,90.9944
37119003110,Mecklenburg County,Currituck / Madison Park,37.9439,39.0962,44.1313,2084,108750,5.4645,80.3734,0,10.0182,1.9581,2604.8912,14.2077,5.4645,6.187400000000004,16.30670542564155,19.626599999999996
37119003111,Mecklenburg County,Parkdale / Madison Park,31.7541,27.878,26.5613,3981,92031,21.3572,82.5355,2.4724,7.9169,4.4976,5346.6338,22.5671,5.0763,-5.192800000000002,-16.353163843409202,17.4645
37119003201,Mecklenburg County,Colonial Village / York Road,45.6437,44.5226,55.2718,2433,79335,5.854,70.8099,5.854,18.6047,0,3280.8591,13.753,9.182,9.628099999999996,21.094039265002607,29.1901
37119003203,Mecklenburg County,Colonial Village / Madison Park,23.8069,22.076,23.6336,3004,52359,10.3761,48.2203,30.6246,11.5178,1.276,6905.317,18.4352,5.8764,-0.17329999999999757,-0.7279402190121249,51.7797
37119003204,Mecklenburg County,Sedgefield / Colonial Village,33.5013,29.1456,30.5911,3367,88391,10.4521,84.4976,6.5391,2.3604,0.6699,3760.2095,15.0239,20.0957,-2.9101999999999997,-8.686827078352183,15.502399999999994
37119003301,Mecklenburg County,Sedgefield area,36.9713,42.6984,48.4497,1870,84107,3.1756,73.9726,5.1059,8.7173,10.523,9134.8818,4.7945,5.1681,11.4784,31.046784938587503,26.0274
37119003302,Mecklenburg County,Sedgefield area,28.6443,29.5353,32.3757,2629,113472,6.1295,86.9314,2.7371,1.0023,2.6214,4656.6337,21.4341,11.2182,3.7314000000000007,13.026675464228488,13.068600000000004
37119003401,Mecklenburg County,Dilworth / South End / Sedgefield,44.0055,48.4806,56.2581,2337,141419,2.0582,81.2081,0.4027,12.1253,3.8479,8529.2781,12.4832,6.8904,12.252600000000001,27.843337764597614,18.7919
37119003402,Mecklenburg County,Dilworth / Myers Park,34.0829,32.5158,35.31,3537,211667,2.1059,87.436,0.3411,7.2769,2.075,4122.9858,20.1535,7.0495,1.2271,3.6003391730163807,12.563999999999993
37119003500,Mecklenburg County,Dilworth area,50.8865,45.9917,47.5916,2815,111440,4.9251,86.6524,1.1777,3.7473,2.641,4192.5098,12.6338,15.8815,-3.2948999999999984,-6.474998280486963,13.3476
37119003600,Mecklenburg County,Wilmore / Glenwood / Revolution Park,46.9547,40.6783,46.0111,4220,87571,11.8705,43.2264,26.2087,22.6903,2.561,3756.3912,16.18,8.2575,-0.9436000000000035,-2.009596483419133,56.7736
37119003701,Mecklenburg County,Brookhill / South End,69.5408,61.5884,73.3657,1981,98333,9.0192,78.805,7.6099,1.0147,6.708,8290.6739,0.9019,0.7328,3.8248999999999995,5.500224328739386,21.194999999999993
37119003702,Mecklenburg County,Brookhill / Clanton Park,56.8549,51.3208,58.7693,2286,76583,35.6409,51.8535,41.8044,2.1885,2.0992,3066.1382,17.6865,3.1264,1.9144000000000005,3.367168001350808,48.1465
37119003802,Mecklenburg County,York Road / Dalton Village,46.0954,43.9517,50.1269,4493,46923,14.8747,25.2453,52.7711,15.9905,3.9247,1735.9941,16.733,17.6876,4.031500000000001,8.745992007879314,74.7547
37119003805,Mecklenburg County,City Park area,24.9154,23.2347,28.3452,4177,82876,9.0377,53.2092,20.7903,3.6748,14.8502,1320.3196,12.3081,1.183,3.4297999999999966,13.765783411063023,46.7908
37119003807,Mecklenburg County,Yorkmount Park area,46.2417,42.2507,47.7708,5523,46993,30.1872,9.8269,36.5769,50.4038,2.4038,3640.6317,34.1346,8.4423,1.5290999999999997,3.306755590733039,90.1731
37119003808,Mecklenburg County,Starmount / Montclaire / Yorkmount Park,41.6281,36.3849,35.5555,5890,52022,19.916,4.2298,30.3654,63.8578,1.4977,8805.0495,29.8387,1.9421,-6.072600000000001,-14.58774241437875,95.7702
37119003809,Mecklenburg County,Ayrsley / Yorkmount Park,31.5785,25.5435,31.6594,3978,54635,24.7326,18.594,31.6607,28.0948,20.1477,4937.06,26.0061,9.7555,0.0809000000000033,0.256186962648648,81.406
37119003810,Mecklenburg County,Yorkmount Park area,25.2701,23.522,24.7749,3950,67950,14.6322,13.0962,25.3234,49.3331,10.0849,2441.307,25.5861,14.4099,-0.49520000000000053,-1.9596281771738162,86.9038
37119003811,Mecklenburg County,Yorkmount Park area,31.4418,26.2265,25.9311,2344,66250,29.4765,13.2864,48.7462,22.0853,12.4945,2798.4925,17.9498,4.0915,-5.5107,-17.526668320516,86.7136
37119003902,Mecklenburg County,Reid Park / Dalton Village,27.7742,26.2473,29.3191,5539,38010,37.2487,3.7507,80.9089,13.971,0,2426.4964,29.4304,14.8442,1.5448999999999984,5.5623564315083724,96.2493
37119003903,Mecklenburg County,Reid Park / City Park,31.6979,35.7222,47.079,2298,23235,49.6572,2.5278,70.5227,20.4799,1.0283,1100.4832,45.3728,12.3822,15.3811,48.5240347152335,97.4722
37119004000,Mecklenburg County,Westerly Hill / Lewis / Ashley Park,55.569,56.409,59.238,4533,59682,15.4225,14.8848,57.2353,8.2578,8.6979,1164.542,22.7543,13.021,3.668999999999997,6.602602170274787,85.1152
37119004101,Mecklenburg County,Camp Greene / Glenwood / Wesley Heights,45.5595,44.3374,48.6618,1926,66533,7.8555,50.4587,39.2202,2.0642,0.5734,2487.368,6.8807,10.0344,3.1022999999999996,6.809337240312119,49.5413
37119004102,Mecklenburg County,Wesley Heights / Seversville,51.3526,50.8304,63.6449,2970,111483,4.1033,47.728,34.6771,5.193,6.6621,4506.9531,16.0232,6.1496,12.292299999999997,23.937054793720275,52.272
37119004200,Mecklenburg County,Enderly Park area,47.9541,48.4599,56.3092,2450,44688,12.5656,20.5176,63.6159,9.7899,0.0375,2304.7143,17.3293,19.2798,8.3551,17.423119191059786,79.4824
37119004302,Mecklenburg County,Thomasboro / Hoskins / Chemway,37.6446,33.4401,31.5574,4650,49722,21.2835,7.4098,63.0158,18.6433,6.4161,3755.3288,27.4357,13.4154,-6.087199999999996,-16.17018111495406,92.5902
37119004303,Mecklenburg County,Lewis / Woodford Green / White Oak Park,28.9321,26.5033,30.1536,3146,77418,7.6282,11.4886,37.0599,33.0451,15.1019,1926.2317,22.1433,17.8196,1.2215000000000025,4.221954161640539,88.5114
37119004304,Mecklenburg County,Todd Park area,26.7459,27.518,28.1768,4141,49017,12.2627,9.5947,66.7009,17.3679,5.5413,2389.3417,29.4253,10.98,1.4309000000000012,5.349978875266868,90.4053
37119004306,Mecklenburg County,Westerly Hill area,54.4833,53.1021,56.9889,2936,57917,16.7732,6.869,65.1118,22.4281,2.9393,4896.9253,16.3259,6.1981,2.505600000000001,4.59884037861143,93.131
37119004307,Mecklenburg County,Lewis / Thomasboro,25.5248,23.18,24.2473,4473,68875,13.7074,16.4527,69.815,9.6844,3.6779,3463.4049,21.0446,8.2046,-1.2774999999999999,-5.004936375603334,83.5473
37119004400,Mecklenburg County,Firestone / Chateau Woods,38.674,36.9433,39.2325,3672,46768,20.7448,12.8332,65.8913,16.1526,4.3126,1230.7647,25.6404,11.1866,0.5585000000000022,1.4441226663908626,87.1668
37119004500,Mecklenburg County,Oakview Terrace / Seversville / Enderly Park,34.0628,33.677,34.8421,3894,38688,21.2621,19.0615,62.5566,6.9903,6.3107,2796.3213,20.5825,14.6278,0.7792999999999992,2.287833061286797,80.9385
37119004600,Mecklenburg County,University Park / Washington Heights,36.0626,31.4767,28.9348,2986,37025,22.928,2.2539,94.4778,2.8174,0.4508,3345.0583,19.6844,23.1405,-7.127800000000004,-19.76507517483488,97.7461
37119004700,Mecklenburg County,Biddleville area,54.1089,44.7989,48.0672,1718,71190,20.8758,31.9537,59.5861,2.4954,1.8868,3951.2203,16.6159,7.3646,-6.041699999999999,-11.165815605196185,68.0463
37119004800,Mecklenburg County,Lincoln Heights / Oaklawn / McCrorey Heights,36.748,28.8683,32.7994,2750,33725,17.5212,3.6518,85.9461,8.5208,0.0369,2183.7489,8.152,24.9354,-3.948599999999999,-10.745074561880916,96.3482
37119004900,Mecklenburg County,Greenville area,56.3178,43.4024,53.5768,742,44500,9.9115,2.9825,97.0175,0,0,2179.2421,5.9649,29.8246,-2.7409999999999997,-4.867022504430215,97.0175
37119005000,Mecklenburg County,Greenville / Druid Hills,38.9335,32.653,35.2549,2792,67308,7.2852,19.6448,68.4306,4.1319,3.7695,7233.3662,25.0453,8.1189,-3.678600000000003,-9.448418457112776,80.3552
37119005100,Mecklenburg County,Druid Hills / Atando Junction,43.5619,37.6444,39.3227,2416,30536,38.0547,9.5414,81.6198,3.0695,5.7692,1136.4885,28.8462,9.6524,-4.239200000000004,-9.731439629584578,90.4586
37119005200,Mecklenburg County,Tryon Hills / Lockwood / Optimist Park,56.5267,54.1308,62.6572,2123,39688,24.1689,14.501,69.0229,14.1372,0,1508.3892,20.5301,11.9543,6.130500000000005,10.845317345608368,85.499
37119005301,Mecklenburg County,NoDa / Atando Junction / Virginia Manor,49.708,46.9732,52.1203,4594,50878,33.1506,13.3962,49.2217,35.4528,1.4032,2069.2778,35.6062,3.0257,2.412300000000002,4.852941176470592,86.6038
37119005305,Mecklenburg County,Virginia Manor / Hidden Valley / Fairfax Woods,31.8021,27.8613,27.6626,4512,45318,25.6996,0.8332,59.9658,38.4747,0,5156.3908,28.0923,17.7313,-4.139499999999998,-13.016436021520587,99.1668
37119005306,Mecklenburg County,Hidden Valley / Fairfax Woods,53.6825,48.0496,49.043,2792,41773,23.0316,8.389,40.6511,50.4591,0,2139.7874,22.4958,15.192,-4.639499999999998,-8.642481255530198,91.611
37119005307,Mecklenburg County,Fairfax Woods / Virginia Manor,43.9932,40.4185,41.4916,3969,48309,28.0837,10.6028,54.5873,26.0712,4.5267,9040.436,21.7381,4.8656,-2.5016000000000034,-5.686333342425655,89.3972
37119005308,Mecklenburg County,Fairfax Woods area,52.1602,46.4923,42.4627,2445,36727,46.1293,3.7999,37.1462,51.2602,4.3428,8110.3399,34.2769,5.8938,-9.697500000000005,-18.5917615346567,96.2001
37119005403,Mecklenburg County,Nevin / Wilson Heights,19.5916,17.0317,18.4434,6583,63283,14.1934,11.8397,46.5143,27.3224,1.9871,2780.071,31.0151,8.6604,-1.1481999999999992,-5.860674983156042,88.1603
37119005404,Mecklenburg County,Derita area,38.0359,32.3083,32.5017,4544,59116,7.9277,11.8418,57.454,24.6141,3.7217,2192.9686,25.3542,13.4066,-5.5341999999999985,-14.549938347718863,88.1582
37119005405,Mecklenburg County,Wilson Heights area,38.2353,25.652,26.1392,3599,58333,13.6231,5.7176,70.07,12.923,0.8168,2260.161,35.9977,4.084,-12.096100000000003,-31.63594897908478,94.2824
37119005406,Mecklenburg County,Garden Park / Northwood / Firestone,22.672,19.1429,20.4836,3857,53775,12.4769,9.4626,83.4076,5.1638,0,1332.0772,20.3932,20.9961,-2.1884000000000015,-9.652434721242066,90.5374
37119005508,Mecklenburg County,Croft / Joplor,33.9264,35.4656,44.3866,4240,111543,2.3871000000000002,46.2093,43.0465,7.0698,0.3488,1188.0718,24.3256,14.4186,10.4602,30.832036408224862,53.7907
37119005510,Mecklenburg County,Henderson Manor / Henderson Oaks / Graceshire,29.7584,27.6357,35.2282,6955,71346,16.7142,8.5644,61.2983,28.155,1.1013,2332.2462,37.9243,3.3299,5.469799999999999,18.380692510350016,91.4356
37119005511,Mecklenburg County,Croft / Mallard,31.5758,27.9348,33.1989,2920,56716,5.3173,21.3434,66.8218,5.9029,3.4894,3887.7455,19.4824,9.4504,1.6231000000000009,5.140328986122286,78.6566
37119005512,Mecklenburg County,Lynn Lee / Graceshire,18.6816,15.965,15.6963,5816,59216,21.6303,11.906,69.1865,15.5928,1.336,3435.2568,21.4612,8.0162,-2.9852999999999987,-15.979894655704001,88.094
37119005513,Mecklenburg County,Mallard area,14.2361,13.5943,14.5281,3921,98750,4.4025,35.5975,41.2327,8.7296,9.1321,3052.5017,22.1132,13.3585,0.2919999999999998,2.0511235520964295,64.4025
37119005515,Mecklenburg County,Cox Mill area,11.5666,11.347,12.1083,2493,89408,5.2554,46.151,31.7127,10.2026,4.3462,3010.3813,18.1952,16.9797,0.5417000000000005,4.683312295748107,53.849
37119005516,Mecklenburg County,Cox Mill area,14.3741,13.0165,14.2566,1839,117250,2.6549,46.958,41.427,6.6372,2.323,3934.3769,22.5111,15.4867,-0.11749999999999972,-0.8174424833554776,53.042
37119005517,Mecklenburg County,Joplor / Cox Mill / Mallard,14.8943,16.2312,19.6163,4141,105598,1.8528,48.7817,34.0609,9.0355,2.8173,3728.6966,16.6497,18.6548,4.7219999999999995,31.703403315362248,51.2183
37119005519,Mecklenburg County,Concord Mills / Cox Mill,14.0438,16.2077,18.8274,6225,75810,6.544,28.8715,50.567,9.7788,9.1281,2660.1029,27.7189,8.2729,4.783600000000002,34.06200600976945,71.1285
37119005520,Mecklenburg County,University City / Concord Mills,13.8401,12.59,14.8222,4933,115524,4.761,24.0929,42.2942,7.4717,20.3082,2238.291,24.1124,14.6508,0.9821000000000009,7.096046993880109,75.9071
37119005522,Mecklenburg County,Mallard / Lynn Lee,22.5965,19.4305,19.4918,4743,89926,2.4482,31.8951,49.9525,9.694,6.1775,5450.8355,15.2823,4.2387,-3.1046999999999976,-13.739738455070464,68.1049
37119005525,Mecklenburg County,Joplor area,9.9552,18.5095,17.5033,3916,88259,16.5257,21.12,42.2629,23.7714,10.5829,4224.4289,14.2629,10.8571,7.5481,75.82067663130826,78.88
37119005526,Mecklenburg County,Joplor / Croft,10.3961,15.1189,16.9988,3557,112353,6.7551,21.9618,53.7323,14.7131,4.4725,2032.3581,18.723,5.3054,6.602699999999999,63.5113167437789,78.0382
37119005527,Mecklenburg County,Mallard area,19.3874,14.6949,14.6636,2998,80597,9.4782,38.0449,44.1876,13.21,0.7266,3733.4266,23.2166,12.9128,-4.723799999999999,-24.365309427772672,61.9551
37119005528,Mecklenburg County,Mallard area,20.4772,17.9271,20.0498,4112,79419,1.6369,37.0939,55.9305,2.7197,0,3674.0791,19.6172,13.4475,-0.42739999999999867,-2.087199421795942,62.9061
37119005529,Mecklenburg County,Mallard / Concord Mills,14.4112,16.7926,22.3966,2170,68587,8.5322,17.3628,41.0501,27.0286,12.1718,2795.6848,11.2768,20.0477,7.9854,55.41106916842457,82.637200000000007
37119005530,Mecklenburg County,Mallard area,13.5855,16.5972,19.818,4015,85747,6.6869,24.478,46.3736,3.0495,24.8352,1732.9509,26.7857,8.6813,6.232500000000002,45.87611791984102,75.52199999999999
37119005531,Mecklenburg County,Concord Mills area,11.9786,14.2536,15.5093,7371,74309,7.0855,39.8335,49.5382,7.1612,1.0598,3129.8049,27.3429,4.8751,3.5306999999999995,29.4750638638906,60.1665
37119005532,Mecklenburg County,University City area,13.2658,12.2739,15.9059,4702,71457,10.8744,20.6391,39.0368,9.3653,30.6258,3823.5856,18.3533,2.4412,2.6401000000000003,19.90155135762638,79.3609
37119005533,Mecklenburg County,University City / Mallard,33.6007,28.9667,33.6399,1469,61279,18.1733,30.1957,55.0792,6.0578,8.0149,662.1743,2.2367,8.8537,0.039199999999993906,0.11666423616172848,69.8043
37119005534,Mecklenburg County,University City area,50.7194,46.455,50.7079,5310,57269,23.0909,30.6677,47.2929,7.1743,6.8491,4648.6409,18.3279,5.1846,-0.011499999999998067,-0.022673769800112122,69.3323
37119005535,Mecklenburg County,Lynn Lee / Mineral Springs / Mallard,21.9979,18.4362,18.426,4203,69315,5.8838,19.995,50.6358,7.9033,16.8038,4022.0996,19.8704,1.1468,-3.571900000000003,-16.237459030180165,80.005
37119005536,Mecklenburg County,Mineral Springs / University City,37.2078,37.6115,39.1933,6629,72206,3.6785,28.5396,46.6701,9.7928,13.8161,1465.4189,18.9351,11.813,1.9855000000000018,5.336246700960556,71.46039999999999
37119005604,Mecklenburg County,University City / Newell,59.0929,52.5273,53.6087,7628,36568,41.0109,48.2179,31.1751,5.3852,8.3424,3472.446,0.2802,0.9183,-5.484200000000001,-9.280641159936305,51.7821
37119005609,Mecklenburg County,University City area,31.6213,27.3002,29.8748,3465,28603,48.6419,22.5008,45.7868,6.7351,21.8061,2780.2021,8.4567,0.9665,-1.746500000000001,-5.523175834010622,77.4992
37119005610,Mecklenburg County,University City / Concord Mills,19.0101,18.5522,19.5469,2988,49375,7.5729,27.2796,51.381,11.5021,1.5513,3272.3857,21.9069,20.734,0.5367999999999995,2.823762105407123,72.7204
37119005611,Mecklenburg County,Concord Mills / Downtown,13.1652,13.3103,17.3092,4111,85394,5.7336,14.5426,59.7342,11.8322,10.2945,2108.5407,17.1749,9.5387,4.144,31.476924011788658,85.4574
37119005612,Mecklenburg County,Reedy Creek / University City / Newell,15.3377,14.839,16.71,5607,85068,14.7181,24.2361,40.7906,27.7059,2.5203,3537.2104,24.1844,6.6114,1.372300000000001,8.94723459188797,75.7639
37119005613,Mecklenburg County,Reedy Creek / Newell / Candlewood,16.1565,15.6859,17.5445,3869,85938,13.6315,12.0873,61.475,16.0011,4.7391,1781.572,27.7423,11.7146,1.3879999999999981,8.590969578807279,87.9127
37119005615,Mecklenburg County,Reedy Creek area,6.4809,7.4108,9.9944,2865,98571,2.7457,22.9274,57.4772,14.5577,2.856,2472.359,28.6791,8.7664,3.5135000000000005,54.2131494082612,77.0726
37119005616,Mecklenburg County,Reedy Creek / Embassy East / Candlewood,7.5058,7.6879,8.9378,2176,83611,18.4291,29.3989,51.9965,14.3923,0.9215,734.2595,31.7244,7.4155,1.4319999999999995,19.078579232060534,70.6011
37119005617,Mecklenburg County,Embassy East / Reedy Creek,6.2713,6.6404,8.6614,3835,74875,1.7699,19.0881,57.9439,18.7482,1.1045,1983.8086,31.2943,9.8556,2.3901000000000003,38.11171527434504,80.9119
37119005618,Mecklenburg County,Reedy Creek area,7.2329,6.4843,7.5472,3000,123125,8.454,27.9484,53.5438,11.1621,0,1166.0608,26.8006,12.4534,0.31430000000000025,4.345421615119803,72.05160000000001
37119005619,Mecklenburg County,Reedy Creek area,6.2422,6.246,8.2718,5427,89271,10.4692,26.8813,53.1555,13.0819,1.1592,2455.1181,25.5382,8.2061,2.0296000000000003,32.514177693761816,73.1187
37119005621,Mecklenburg County,Reedy Creek / Downtown,4.2486,6.0946,9.4991,7150,76192,17.0397,45.4775,32.3992,12.7372,5.1157,1393.0178,28.3808,10.9282,5.250500000000001,123.58188579767456,54.5225
37119005622,Mecklenburg County,University City / Newell,38.0193,33.5456,35.2444,2203,NA,45.0025,27.1295,45.3964,9.1581,13.5894,7718.4856,15.2634,3.6435,-2.7749000000000024,-7.298661469306385,72.87049999999999
37119005623,Mecklenburg County,Newell area,24.8265,23.3413,25.6975,3287,42009,14.3976,24.2572,62.4527,8.698,1.3776,3351.1233,7.9417,4.5651,0.8710000000000022,3.5083479346665953,75.7428
37119005624,Mecklenburg County,Camellia Gardens / Reedy Creek / Downtown,10.908,11.7018,12.3333,2733,91538,7.0344,34.0927,55.9552,4.4365,1.279,2847.0841,20.8233,6.3949,1.4253,13.066556655665567,65.90729999999999
37119005625,Mecklenburg County,Reedy Creek area,10.6818,10.3605,10.7957,6005,110938,12.4444,24.1905,51.9841,10.1587,8.4444,3549.3564,17.0317,6.6825,0.11389999999999922,1.0662996873186095,75.8095
37119005626,Mecklenburg County,Reedy Creek / Embassy East / Hickory Grove,8.8648,8.7735,9.8797,4046,61200,13.3713,10.3913,53.9259,25.6802,1.1143,1615.8123,29.1785,4.8199,1.014899999999999,11.448650843786648,89.6087
37119005627,Mecklenburg County,Reedy Creek / Downtown,11.0296,12.1926,13.2929,8946,77507,15.6217,19.386,52.3668,25.8223,1.6897,2953.4406,34.2448,7.0166,2.263299999999999,20.520236454631167,80.614
37119005709,Mecklenburg County,Matthews Commercial Historic District area,32.2036,28.9463,32.0281,4774,105862,3.6614,61.7566,22.2011,4.3386,5.545,2703.7743,12.4233,19.0476,-0.17549999999999955,-0.5449701275633766,38.2434
37119005710,Mecklenburg County,Idlewild area,20.8329,18.497,15.7704,4695,75417,11.8762,41.7379,29.0894,21.6295,4.5843,4243.6092,25.9012,9.2728,-5.062499999999998,-24.300505450513363,58.2621
37119005712,Mecklenburg County,Matthews Commercial Historic District / Downtown,11.6902,11.0593,13.0934,3275,100625,1.467,81.4402,7.5625,3.3745,1.9584,1109.0106,19.5842,18.2284,1.4032,12.003216369266564,18.559799999999996
37119005713,Mecklenburg County,Downtown area,5.7079,6.0031,6.9244,4290,123438,5.2242,73.8565,9.6413,8.0493,4.3946,816.7243,19.5516,23.139,1.2165,21.31256679339161,26.143500000000003
37119005714,Mecklenburg County,Downtown area,4.2045,4.9598,6.3563,6227,115927,3.9402,77.5156,12.9674,3.8357,3.274,589.6898,21.1844,20.9116,2.1517999999999997,51.17849922701866,22.484399999999994
37119005715,Mecklenburg County,Downtown / Bethel Glen,1.716,2.0054,2.9265,2988,79946,2.1074,78.552,14.446,4.8946,0.3059,423.2358,16.7913,21.2441,1.2105,70.54195804195804,21.447999999999993
37119005716,Mecklenburg County,Idlewild area,21.428,20.8336,19.5226,5754,71371,15.3132,34.1759,21.4845,32.4849,9.6832,6229.7562,26.3261,10.3596,-1.9054000000000002,-8.892103789434385,65.8241
37119005718,Mecklenburg County,Downtown area,8.3508,8.4103,9.1858,3130,83938,3.8017,47.6257,21.6915,16.8025,5.451,1785.4009,19.3875,15.3414,0.8350000000000009,9.999042007951346,52.3743
37119005719,Mecklenburg County,Downtown area,7.5093,8.275,9.9169,4153,92500,14.3375,58.9954,8.0215,25.2691,7.1502,918.8344,22.8088,16.7094,2.4076000000000004,32.06157697788077,41.0046
37119005720,Mecklenburg County,Downtown / Idlewild / Matthews Commercial Historic District,9.5574,9.8048,9.95,2669,106938,6.875,68.1731,10.7692,4.6154,14.5673,1239.3107,7.7885,49.5673,0.39259999999999984,4.107811747964926,31.826899999999995
37119005721,Mecklenburg County,Downtown area,7.7379,8.1509,8.2142,3646,96795,9.4553,78.0481,8.1559,11.2524,1.9077,1467.0084,14.183,15.3719,0.47630000000000017,6.15541684436346,21.951899999999995
37119005722,Mecklenburg County,Idlewild / Matthews Commercial Historic District,13.8257,12.8255,13.2312,2305,99750,4.2819,72.5691,13.7377,1.3827,9.5004,1472.4055,18.1088,21.0972,-0.5945,-4.299963112175153,27.430899999999994
37119005723,Mecklenburg County,Idlewild / Matthews Commercial Historic District,35.6958,32.764,33.4675,3732,72816,4.582,40.4609,28.0011,19.373,8.2262,3262.4452,28.1886,8.3869,-2.2282999999999973,-6.242471103042928,59.5391
37119005811,Mecklenburg County,Matthews Commercial Historic District / Providence / Rama,17.056,14.66,12.599,4395,78078,14.9394,61.7074,9.9037,21.9807,3.9659,2875.3003,17.1857,21.6222,-4.457000000000001,-26.13156660412758,38.2926
37119005815,Mecklenburg County,Providence / Carmel,15.4986,14.4867,14.6699,3402,91597,3.3837,84.0181,4.8036,3.2931,1.3897,1658.089,20.6647,20.6647,-0.8286999999999995,-5.346934561831388,15.981899999999996
37119005816,Mecklenburg County,Blakeney / Carmel,22.13,21.2248,21.9585,4315,139708,5.3455,75.2468,10.2336,8.7407,4.2379,2126.302,18.8057,19.3113,-0.1714999999999982,-0.7749661093538103,24.753200000000007
37119005817,Mecklenburg County,Providence area,13.6792,12.6325,12.3053,4430,123929,6.3948,76.0195,4.8193,5.2132,11.1909,2671.4026,24.3976,16.4736,-1.373899999999999,-10.043716006784015,23.980500000000006
37119005824,Mecklenburg County,Nations Ford / Starmount,29.019,27.8883,38.381,5589,99667,16.0259,34.9858,25.8397,30.514,2.1651,977.7526,33.0635,6.2525,9.362000000000002,32.26162169613013,65.0142
37119005826,Mecklenburg County,Carolina Village / Carmel,36.8826,28.4261,30.5138,3096,80360,10.3061,36.9769,13.8663,37.8513,1.218,1794.9837,21.549,16.1462,-6.368799999999997,-17.267763118652148,63.0231
37119005827,Mecklenburg County,Starmount / Huntingtowne Farms,52.3473,41.2953,55.6714,2257,70474,8.7617,20.4439,40.8489,26.8302,0.6231,3269.0239,19.1978,3.3879,3.3241000000000014,6.350088734280472,79.5561
37119005828,Mecklenburg County,Carmel / Huntingtowne Farms / Quail Hollow,27.3073,23.07,25.9226,3723,100179,0.9978,83.9536,10.9223,3.9105,0,3018.5964,18.3387,22.4649,-1.3847000000000023,-5.070805242554197,16.046400000000006
37119005829,Mecklenburg County,Carmel / Carolina Village,57.1442,52.4495,64.6198,2256,44291,9.7162,24.9639,32.6599,26.7436,6.8302,1999.2606,17.4122,9.6681,7.4756,13.08199257317453,75.0361
37119005830,Mecklenburg County,Carmel / Ballantyne,16.1574,15.5616,14.957,3593,81230,3.9569,58.4665,17.6009,15.4807,2.2364,2686.9595,23.6712,16.0035,-1.2003999999999984,-7.429413148155016,41.5335
37119005832,Mecklenburg County,Providence area,14.7127,14.7019,17.3246,3040,166382,2.194,64.0041,1.3027,2.2969,16.421,2641.89,31.0936,11.1073,2.6119000000000003,17.75268985298416,35.995900000000006
37119005833,Mecklenburg County,Matthews Commercial Historic District / Providence,13.6814,13.8239,12.9969,5559,132350,2.2188,73.4452,7.0764,4.5231,14.5541,2929.0873,19.9526,29.5823,-0.6844999999999999,-5.003142953206543,26.5548
37119005834,Mecklenburg County,Matthews Commercial Historic District area,16.6181,17.395,16.2547,4374,104028,5.5981,63.4611,19.5819,8.8269,1.3705,2024.8025,25.4588,16.8409,-0.3633999999999986,-2.1867722543491652,36.5389
37119005835,Mecklenburg County,Matthews Commercial Historic District area,13.1214,11.5208,11.4684,2589,135324,4.4874,92.6307,0.8646,2.6348,3.417,1252.0157,25.9778,16.55,-1.6529999999999987,-12.59774109470025,7.3692999999999955
37119005836,Mecklenburg County,The Traditions at Covington / Carolina Village,10.7522,10.5108,9.6085,3972,105469,14.0849,52.8769,10.5181,25.2018,9.4767,3887.4426,24.2645,9.8152,-1.1437000000000008,-10.636892914938347,47.1231
37119005839,Mecklenburg County,Ballantyne / Carmel,22.5779,23.5943,27.7084,2765,93864,10.2313,56.875,11.0156,13.6328,6.9531,2669.3135,18.8672,10.1953,5.130500000000001,22.723548248508507,43.125
37119005840,Mecklenburg County,Ballantyne area,31.3078,36.4936,46.4296,2192,123056,4.6605,70.8833,11.3626,5.8589,9.2321,2180.5065,24.6782,15.4017,15.1218,48.30042353662666,29.116699999999994
37119005843,Mecklenburg County,Blakeney area,31.6576,28.5586,29.6809,3043,159375,4.7881,57.0366,6.3086,12.6496,15.8525,2676.3744,26.9492,8.8644,-1.9766999999999975,-6.243998281613254,42.9634
37119005845,Mecklenburg County,Blakeney area,12.3861,23.2913,24.5927,7014,136067,2.7367,47.5148,6.1686,3.0178,26.287,3803.1072,34.7929,9.6154,12.2066,98.55079484260582,52.4852
37119005846,Mecklenburg County,Blakeney area,14.0265,14.8627,17.5371,3823,230616,4.578,79.7954,3.0691,9.1816,4.578,2269.0949,29.6164,13.4015,3.5105999999999984,25.0283392150572,20.2046
37119005847,Mecklenburg County,Providence area,14.7575,14.8379,15.9582,5345,168375,1.3199,68.6559,5.7446,6.2279,14.3335,2137.9945,27.6817,14.2592,1.2006999999999994,8.1362019312214091,31.344099999999997
37119005848,Mecklenburg County,Providence / Matthews Commercial Historic District,9.3484,8.7519,9.3066,5010,176492,3.4735,77.6673,1.9067,7.6065,9.5943,2300.6295,27.3225,10.9331,-0.04180000000000028,-0.4471353386675825,22.332700000000003
37119005849,Mecklenburg County,Matthews Commercial Historic District area,14.0851,14.3385,16.6681,3886,106354,2.2936,61.225,21.8564,2.1317,12.2234,2899.2407,26.9023,22.9358,2.5829999999999984,18.33852794797338,38.775
37119005850,Mecklenburg County,Providence / Blakeney,7.5692,24.1967,28.2264,3314,126730,1.6554,69.9662,2.1959,7.6351,15.473,2212.335,19.3919,12.7703,20.657200000000003,272.91127199704067,30.0338
37119005851,Mecklenburg County,Providence area,11.6235,11.2052,10.7637,4286,101419,9.578,61.4746,20.5548,8.3689,8.5111,2430.2361,26.3869,13.1579,-0.8597999999999999,-7.39708349464447,38.5254
37119005852,Mecklenburg County,Carmel area,15.8759,14.9825,14.849,2260,53690,8.6053,83.1355,6.4293,10.089,0,3753.6132,11.1771,14.5895,-1.0268999999999995,-6.468294710851035,16.864500000000007
37119005853,Mecklenburg County,Carmel area,33.1094,26.8022,25.5128,2520,62238,3.2669,32.0747,15.6979,40.1782,1.7395,4703.3377,18.9224,7.1701,-7.596600000000002,-22.94393737126013,67.9253
37119005854,Mecklenburg County,Ballantyne / Carolina Village,29.1146,31.5084,34.1797,2931,126684,4.4137,17.0425,14.2397,21.3595,24.5812,2942.5146,25.8376,1.9008,5.0650999999999975,17.39711347571321,82.9575
37119005855,Mecklenburg County,Ballantyne / Bridgehampton Club,17.5854,19.8547,24.7014,4542,106788,9.2363,64.4198,5.1621,15.337,10.5802,3126.9656,30.9514,8.9164,7.116,40.465386058889756,35.580200000000005
37119005856,Mecklenburg County,The Traditions at Covington / The Villas at Covington,15.3162,23.1133,19.6738,2654,120847,3.8857,41.181,22.6286,5.4095,26.9333,6995.4656,28,5.9429,4.3576,28.45092124678445,58.819
37119005857,Mecklenburg County,Bridgehampton Club area,15.9378,21.4347,19.5649,2419,103056,3.4137,61.3564,5.1889,8.102,19.208,4591.3833,19.5721,17.8425,3.627100000000002,22.75784612681802,38.6436
37119005858,Mecklenburg County,Bridgehampton Club area,15.0249,17.7387,17.7879,4527,122526,4.6843,33.4239,17.3569,12.5141,35.0532,2435.1291,36.0263,4.6617,2.763,18.389473474033107,66.5761
37119005859,Mecklenburg County,Ballantyne / Blakeney,20.844,20.4305,19.8763,3086,125588,2.055,75.7431,8,1.2477,14.422,4164.7448,22.4587,16,-0.9677000000000007,-4.64258299750528,24.2569
37119005860,Mecklenburg County,Ballantyne area,17.2556,18.8467,26.6237,4758,111920,0,53.184,7.4879,5.9069,24.3083,4675.0245,27.2947,10.9135,9.368099999999998,54.29020144185075,46.816
37119005861,Mecklenburg County,Blakeney area,25.2175,20.7877,21.162,2654,84803,4.0684,70.2926,10.3901,6.6392,10.9902,4239.3906,19.2423,34.1335,-4.055500000000002,-16.082085853078226,29.707400000000007
37119005862,Mecklenburg County,Blakeney area,18.7102,16.4521,17.067,3078,157454,1.5539,70.5618,1.573,7.3194,11.6854,4202.5535,19.8395,14.4783,-1.6432000000000002,-8.782375388825347,29.438199999999995
37119005863,Mecklenburg County,Blakeney / Bridgehampton Club,20.5116,20.0292,20.6919,3692,149356,1.4282,59.08,16.6622,4.5467,14.5493,4415.7072,29.3661,16.2878,0.18029999999999902,0.8790148013806773,40.92
37119005864,Mecklenburg County,Blakeney area,15.5809,15.4407,16.4167,5051,162981,1.9235,51.5245,9.4741,6.548,26.5603,4458.9839,28.7907,8.2054,0.835799999999999,5.364260087671438,48.4755
37119005865,Mecklenburg County,Matthews Commercial Historic District area,15.2336,15.4675,13.9735,2182,123125,3.592,68.6782,15.5651,7.7586,5.0287,2427.2344,16.3314,20.8812,-1.2600999999999996,-8.271846444701184,31.321799999999996
37119005866,Mecklenburg County,Matthews Commercial Historic District area,44.7851,40.6383,38.7215,4491,60533,7.7698,31.7416,30.3371,18.5825,3.1115,1390.4202,25.5834,4.9481,-6.063600000000001,-13.539324462823576,68.2584
37119005867,Mecklenburg County,Carolina Village area,15.0762,14.0542,13.2986,3420,61333,4.2719,29.9033,27.2166,26.3031,9.3767,3378.7866,21.3326,19.3176,-1.7775999999999996,-11.790769557315501,70.0967
37119005868,Mecklenburg County,Prestwick / Carolina Village,14.282,12.4453,11.9249,2721,56250,40.5856,66.9886,3.2546,9.1917,3.3619,2390.5904,32.1173,17.525,-2.357100000000001,-16.5039910376698,33.011399999999995
37119005908,Mecklenburg County,The Sanctuary / Chapel Cove,3.867,4.194,5.4035,2465,150156,3.3419,60.3685,13.3676,5.4413,16.7095,435.6368,17.4379,18.6804,1.5365000000000002,39.73364365140937,39.6315
37119005910,Mecklenburg County,Chapel Cove / Steele Creek,18.1804,17.5909,17.4719,5764,73333,5.6031,20.8418,34.4335,24.6987,1.7986,3606.0364,32.4309,7.6766,-0.7084999999999972,-3.8970539702096616,79.1582
37119005913,Mecklenburg County,Steele Creek / Ayrsley,33.9248,32.5485,39.9031,7269,76406,4.5196,17.993,31.8456,33.5579,15.6632,2574.3705,23.6772,10.2175,5.978300000000004,17.62221147950763,82.007
37119005915,Mecklenburg County,Ayrsley area,58.8709,54.3586,64.7692,3046,79338,5.5802,22.1142,55.2698,12.6098,3.8582,7164.0321,18.6324,3.7327,5.898299999999999,10.019041665746574,77.8858
37119005916,Mecklenburg County,Nations Ford / Ayrsley,30.6049,29.7513,33.3018,2540,48444,16.0937,6.3235,45.9559,41.8015,2.9044,1308.627,32.5368,9.2647,2.6968999999999994,8.811987622896986,93.6765
37119005918,Mecklenburg County,Steele Creek area,10.8368,12.6544,15.1946,7478,124198,17.6001,24.7565,41.8155,26.6098,2.9221,3828.5608,35.3896,7.9004,4.357799999999999,40.21297800088586,75.2435
37119005919,Mecklenburg County,Wildwood / Twins Estates,12.7824,15.4199,19.029,3273,109722,4.9877,41.133,18.4729,19.5197,18.3498,534.4233,19.5505,17.58,6.246599999999999,48.868757040931264,58.867
37119005920,Mecklenburg County,Shopton / Twins Estates,5.4072,5.9049,7.2057,2266,49924,20.3953,28.3019,14.5103,52.4259,0.8535,297.0914,26.5499,9.6586,1.7985000000000007,33.26120727918333,71.6981
37119005921,Mecklenburg County,Shopton area,9.5355,25.5433,26.9415,3733,130313,7.1354,34.0826,33.3246,11.5003,12.3105,4079.2687,21.4323,5.7501,17.406,182.53893345917882,65.9174
37119005922,Mecklenburg County,Chapel Cove / Steele Creek,7.1916,7.5402,8.1854,4166,128906,6.2887,32.2891,40.2072,14.8742,7.5728,2959.0586,28.293,10.0148,0.9937999999999994,13.818899827576608,67.71090000000001
37119005923,Mecklenburg County,Steele Creek area,18.9345,21.4405,26.6694,5886,108941,7.7576,22.1417,48.6305,16.9995,11.6098,5006.6637,28.5386,7.1214,7.7349,40.85082785391745,77.8583
37119005924,Mecklenburg County,Chapel Cove / Steele Creek,12.3699,12.6704,14.0691,6974,100682,2.6335,36.5543,36.7951,18.1496,6.4749,2243.3316,24.9787,9.3794,1.6992000000000012,13.736570222879743,63.4457
37119005925,Mecklenburg County,Steele Creek / Chapel Cove,6.8085,7.5953,8.526,3301,110625,2.6995,27.9536,35.1234,15.2104,13.3817,1625.851,24.4702,12.8302,1.7174999999999994,25.22582066534478,72.0464
37119005926,Mecklenburg County,The Sanctuary / North Rock Hill,3.0311,4.1234,6.0529,9722,177708,0.9366,50.451,29.7641,3.8159,9.1235,1517.8131,28.4459,13.0204,3.0218000000000003,99.69318069347761,49.549
37119005927,Mecklenburg County,Ayrsley area,37.8878,32.5021,37.0886,7930,92292,6.5022,17.0398,53.599,15.0664,3.7065,7059.5024,19.7723,4.9209,-0.799199999999999,-2.109386134850794,82.9602
37119005928,Mecklenburg County,Shopton / City Park,12.9028,16.6573,21.834,1876,79000,5.0701,26.1174,35.1642,32.741,0,377.7999,20.2477,12.6548,8.9312,69.21908422977958,73.8826
37119005929,Mecklenburg County,Steele Creek area,26.1724,24.2387,26.1963,4607,80352,5.4041,28.7546,41.381,18.0764,7.2256,5218.699,12.3798,12.3551,0.023900000000001143,0.09131757118186007,71.2454
37119005930,Mecklenburg County,Steele Creek / Ayrsley,28.2762,32.4236,45.5554,3300,53191,17.6243,31.6979,17.4629,34.2802,0,1670.1927,26.9529,9.9742,17.2792,61.108635530941214,68.3021
37119005931,Mecklenburg County,Steele Creek area,15.2645,16.2298,17.477,4165,90607,10.2595,33.2292,35.9683,20.0384,2.667,4857.2955,21.5762,12.2297,2.2125000000000004,14.494415146254383,66.77080000000001
37119005932,Mecklenburg County,Steele Creek area,31.6486,31.2808,27.7561,2675,92682,2.1739,40.4743,31.5415,6.166,12.8063,2699.0152,21.2253,6.6798,-3.8924999999999983,-12.299122236054671,59.5257
37119006005,Mecklenburg County,Arlington / Riverfront Homes & Marina / Sodyeco,9.6792,9.6653,12.9486,3549,68185,11.0607,34.4867,35.3091,25.9501,2.1554,556.9165,29.1548,13.1027,3.269400000000001,33.777584924373926,65.5133
37119006008,Mecklenburg County,Shuffletown / Sodyeco,10.3971,9.0422,9.4663,3885,91375,9.6803,33.955,40.4973,12.5814,2.4867,2158.4688,12.3446,17.9396,-0.9307999999999996,-8.952496369179864,66.045
37119006009,Mecklenburg County,Coulwood / Shuffletown,13.0413,11.9323,13.0978,3206,73023,20.5632,41.3804,42.6527,3.8168,6.4567,1420.6785,22.4555,12.5954,0.05649999999999977,0.43323901758260125,58.6196
37119006011,Mecklenburg County,Arlington / Forest Pawtucket / Twins Estates,10.6913,11.2713,11.3853,3508,70980,2.0305,23.6976,55.7307,6.0914,1.6297,2418.7267,31.7392,7.5341,0.6940000000000008,6.491259248173757,76.3024
37119006012,Mecklenburg County,White Oak Park / Forest Pawtucket / Twins Estates,19.6959,20.5358,25.3789,5460,75357,17.622,28.032,30.8691,19.7802,5.6743,2134.0325,22.1978,12.7872,5.683,28.853720825146347,71.968
37119006013,Mecklenburg County,Sodyeco / River Park / Shuffletown,12.6826,10.4765,9.7056,4871,97549,14.6235,8.3178,74.4659,10.0602,5.1856,2791.4215,22.6094,4.8123,-2.9770000000000003,-23.473104883856625,91.6822
37119006014,Mecklenburg County,Shuffletown / Dutchman's Ridge,7.6175,6.6102,6.7387,4210,121300,0.361,54.7963,23.4399,12.5322,4.7705,1925.9393,21.4028,8.5869,-0.8788,-11.536593370528388,45.2037
37119006015,Mecklenburg County,Coulwood / Paw Creek / Shuffletown,20.1933,17.947,17.1576,4248,95513,3.357,38.422,39.1081,14.7023,2.3524,1963.6906,26.2191,11.6148,-3.035700000000002,-15.03320408254224,61.578
37119006016,Mecklenburg County,Homestead area,34.1827,33.4405,33.4608,3150,58875,11.383,17.1986,46.8085,25.2482,9.078,1474.5247,22.7305,12.3404,-0.721899999999998,-2.111887007170288,82.8014
37119006103,Mecklenburg County,Mountain Island Village area,8.4578,8.8136,10.0124,5203,81534,4.1026,52.3457,25.9449,7.1605,8.9839,1261.7158,24.6914,10.6933,1.5545999999999989,18.38066636714038,47.6543
37119006105,Mecklenburg County,Mountain Island Village / Oakdale / Northlake,5.9044,5.357,5.4544,2906,101343,2.3077,46.7766,44.3956,2.0147,5.6777,992.79,22.0147,9.6703,-0.4500000000000002,-7.621434862136714,53.2234
37119006108,Mecklenburg County,Spring Lake / Sunset Hills,10.2694,8.9404,8.219,5268,72181,8.6003,16.705,53.9619,15.6596,10.3073,2221.6009,19.2348,7.213,-2.0504,-19.966112917989363,83.295
37119006109,Mecklenburg County,Hyde Park Estates / Bahama Park,31.6755,27.9056,26.9176,3260,51250,6.8468,4.4781,77.3625,14.457,1.3399,1484.5473,13.8223,22.708,-4.757899999999999,-15.020757367681647,95.5219
37119006110,Mecklenburg County,Coulwood / Oakdale / Chateau Woods,17.4279,15.9992,16.5427,6820,80478,8.8892,18.7411,55.7304,16.4362,6.4378,2189.3887,22.6832,9.0606,-0.8852000000000011,-5.079212068005905,81.2589
37119006111,Mecklenburg County,Oakdale / Mountain Island Village,7.513,7.3112,7.493,4059,81152,9.0909,36.4125,34.1153,12.781,3.4213,914.668,25.2199,14.0274,-0.019999999999999574,-0.26620524424330594,63.5875
37119006112,Mecklenburg County,Northlake area,23.9831,25.2852,33.3653,2316,58688,24.6434,18.542,65.7686,12.6387,1.2678,1652.7771,27.7338,1.7433,9.382199999999997,39.12004703311914,81.458
37119006113,Mecklenburg County,Northlake area,12.0233,12.6101,15.0304,3475,81573,1.7433,36.6719,52.8051,6.6244,1.5531,3184.9574,11.6006,8.8431,3.0070999999999994,25.01060440977102,63.3281
37119006114,Mecklenburg County,Bahama Park / Northlake,15.6159,15.3569,13.9608,3618,66541,6.103,10.6663,57.7548,27.0997,2.9115,2769.6961,22.1165,7.4468,-1.6550999999999991,-10.598812748544747,89.3337
37119006115,Mecklenburg County,Northlake area,52.891,49.9095,52.3657,4473,65647,15.6773,10.0101,65.4175,12.2485,11.2928,5682.25,19.1901,1.3833,-0.5253000000000014,-0.9931746421886549,89.9899
37119006208,Mecklenburg County,Birkdale area,32.138,31.1384,33.5925,3836,101985,5.1661,88.1392,3.8218,2.583,1.2915,2946.9903,24.3279,8.7507,1.454500000000003,4.525795009023596,11.860799999999998
37119006209,Mecklenburg County,Birkdale area,20.1677,17.7963,19.0055,5097,87920,7.0347,74.5516,14.5676,4.1251,2.79,3013.5473,22.4193,10.1833,-1.1621999999999986,-5.76267992879703,25.448400000000007
37119006210,Mecklenburg County,Hicks Crossroads / Birkdale,7.1985,6.9935,8.2707,4440,126938,3.1998,70.0276,9.8757,4.0055,10.7274,1404.0339,22.1455,21.2707,1.0721999999999996,14.894769743696598,29.972399999999993
37119006211,Mecklenburg County,Birkdale / Rosedale,14.2818,14.1594,14.0289,6012,127163,0.6113,84.0905,4.3185,6.6463,3.0663,2725.3317,27.7573,15.5081,-0.25290000000000035,-1.7707851951434717,15.909499999999994
37119006212,Mecklenburg County,Rosedale area,13.6585,13.4489,14.4075,4733,98333,3.8251,57.9099,14.251,6.1865,13.6544,3379.6949,24.9669,11.7764,0.7490000000000006,5.4837646886554205,42.0901
37119006214,Mecklenburg County,Rosedale / Hicks Crossroads,5.4745,5.9827,6.0659,4202,139196,6.4177,65.4609,12.9522,11.3419,2.5438,1965.8965,25.6243,11.3886,0.5914000000000001,10.802813042286969,34.539100000000005
37119006216,Mecklenburg County,Birkdale / Caldwell,5.4679,4.6758,5.113,1861,176439,9.1892,92.1622,0.5946,5.5676,0.2703,2554.2533,15.9459,25.3514,-0.35489999999999977,-6.490608826057532,7.837800000000001
37119006217,Mecklenburg County,Birkdale area,4.9593,4.861,6.0336,3499,145863,2.5101,91.6331,0,4.3384,0,2619.4625,16.331,28.4785,1.0743,21.662331377412137,8.366900000000001
37119006218,Mecklenburg County,Birkdale / Villas of Cowans Ford / Hicks Crossroads,4.3684,4.0191,4.9429,2876,200455,1.0551,89.6855,0.5749,3.2804,1.3865,2005.4044,22.0832,15.3872,0.5744999999999996,13.151268198882876,10.314499999999995
37119006219,Mecklenburg County,Hicks Crossroads / Birkdale / Cowan's Ford,6.459,6.3818,7.6652,3177,195833,0.2831,81.5351,2.548,3.0827,1.6357,1995.1559,21.296,27.4929,1.2062,18.67471744852144,18.4649
37119006220,Mecklenburg County,Hicks Crossroads / Cowan's Ford / Birkdale,10.6717,10.0991,9.5681,2858,107844,3.5286,88.3204,0,4.6577,2.1524,1376.2801,13.3028,22.9711,-1.1036000000000001,-10.341370165952943,11.679599999999994
37119006221,Mecklenburg County,Hicks Crossroads area,4.2114,5.4664,6.1684,4274,120911,3.1587,67.4738,18.2305,7.241,0.2095,2248.2613,28.2654,9.546,1.9569999999999999,46.46910766016051,32.5262
37119006222,Mecklenburg County,Allison Ferry / Mountain Island Village,4.183,4.1695,3.7364,3722,146728,1.5789,81.7105,14.2895,0,2.9211,308.0516,24.3421,13.9737,-0.44659999999999966,-10.676547932106137,18.289500000000004
37119006223,Mecklenburg County,Northlake / Rosedale / Hicks Crossroads,4.7136,4.6465,6.8522,3002,103750,2.9921,61.2473,27.5775,6.2365,0,670.081,32.1918,12.8695,2.1386000000000003,45.370841819416164,38.7527
37119006224,Mecklenburg County,Rosedale / Northlake,15.4354,17.2419,18.2068,3155,72387,7.2586,69.6885,14.5794,15.1713,0,640.299,20.0623,16.1994,2.7714000000000016,17.95483110253056,30.311499999999995
37119006305,Mecklenburg County,Joplor / Moss Creek,5.5834,7.4517,8.8694,4681,179859,2.0956,43.9134,32.9644,10.5957,9.7951,797.5506,25.9006,9.701,3.2860000000000005,58.853028620553786,56.0866
37119006306,Mecklenburg County,Rosedale / Joplor,20.7421,20.7084,23.4916,2231,131538,5.0336,58.1207,10.6409,12.3833,14.9347,1204.1885,20.6596,19.8507,2.7494999999999976,13.25564913870822,41.8793
37119006307,Mecklenburg County,Joplor / Rosedale,7.361,10.4772,14.7601,5886,124139,3.9291,59.5271,23.6961,5.0765,9.8748,1067.4027,23.0007,12.2392,7.3991,100.51759271838066,40.4729
37119006308,Mecklenburg County,Caldwell / Rosedale / Birkdale,17.9517,19.8629,21.1949,3897,101515,2.0616,88.2557,3.0114,3.6831,2.2469,2930.163,24.8321,12.8098,3.2432000000000016,18.066255563539954,11.744299999999996
37119006309,Mecklenburg County,Rosedale area,16.7898,14.1185,16.3946,1886,71250,16.314,58.1486,17.4612,22.8381,0,2274.9169,23.8359,11.918,-0.3951999999999991,-2.3538100513406897,41.8514
37119006310,Mecklenburg County,Hopewell / Moss Creek,4.0654,4.6402,6.7118,4585,117075,3.0134,69.7898,8.3565,9.8506,6.7106,849.9697,20.8407,13.8769,2.6464,65.09568554139813,30.2102
37119006311,Mecklenburg County,Caldwell / Hopewell,6.8395,6.5096,11.1956,3989,185455,2.3033,82.2981,2.1998,5.5901,1.1387,797.5622,27.3033,9.1874,4.3561000000000005,63.69032824036846,17.701899999999995
37119006403,Mecklenburg County,Hopewell / Caldwell,8.4355,9.0318,10.5928,6659,140605,13.0932,66.7344,19.4557,3.6597,3.2218,1800.6098,16.6093,12.371,2.157300000000001,25.57406199988147,33.265600000000006
37119006404,Mecklenburg County,Hopewell area,2.9367,3.5963,5.3375,7781,184573,2.2478,85.6667,2.8167,3.6492,3.0387,849.0342,26.0441,16.04,2.4008000000000003,81.75162597473356,14.333299999999994
37119006407,Mecklenburg County,Caldwell / Birkdale,21.8418,24.3403,26.8164,3740,123058,1.4585,72.744,7.0042,3.6726,4.5908,2288.6159,30.8499,6.9517,4.974600000000002,22.775595417960073,27.256
37119006408,Mecklenburg County,Caldwell area,19.0755,16.134,16.2429,2599,99531,7.1135,78.7829,6.0444,6.7434,1.3569,2957.353,16.7763,19.2845,-2.832600000000003,-14.849414170008663,21.217100000000002
37119006409,Mecklenburg County,Caldwell / Hopewell,7.6542,9.1803,10.2796,3746,119211,4.7373,89.872,3.3215,1.8241,1.7697,1110.9442,19.2758,30.5472,2.6254,34.30012280839278,10.128
37119006410,Mecklenburg County,Caldwell area,14.3825,16.0383,17.0034,3603,93667,3.8773,76.5046,1.8519,13.86,2.9803,3886.2797,23.7269,16.4641,2.620899999999999,18.222840257257076,23.495400000000004
37119006411,Mecklenburg County,Caldwell / Birkdale,24.5137,22.6719,26.2796,3012,81500,5.9528,61.3411,8.3134,19.5005,9.9897,2899.5907,27.2323,22.2374,1.7658999999999985,7.203726895572674,38.6589
37119980100,Mecklenburg County,Shopton / Twins Estates / Reid Park,37.9051,31.8403,38.0953,0,NA,NA,NA,NA,NA,NA,0,NA,NA,0.19020000000000437,0.5017794439270821,NA
37119980200,Mecklenburg County,Nations Ford / Ayrsley,36.2061,39.341,44.6359,0,NA,NA,NA,NA,NA,NA,0,NA,NA,8.4298,23.28281698387841,NA
37119980300,Mecklenburg County,Midtown / Second Ward,103.7638,97.5229,94.6469,26,NA,0,100,0,0,0,140.6262,0,0,-9.116900000000001,-8.786204822876572,0
37159050201,Rowan County,Granite Commons / The Reserve at the Country Club,10.9431,10.0462,11.5106,4818,51168,24.4542,45.5428,41.4202,6.7775,1.4677,975.6893,23.5485,21.5411,0.5675000000000008,5.1859162394568346,54.4572
37159050202,Rowan County,Granite Commons / The Reserve at the Country Club,24.2975,23.2973,23.0484,5459,52672,23.1617,58.8094,34.6849,5.2156,0.4792,1156.5417,28.1607,20.3281,-1.2490999999999985,-5.14085811297458,41.1906
37159050300,Rowan County,Cresent / The Reserve at the Country Club,25.9669,24.3866,22.436,3933,57821,20.2933,61.2385,21.5316,9.5486,0.9454,3276.5425,17.419,15.0319,-3.530899999999999,-13.59769552776804,38.7615
37159050400,Rowan County,Cresent / The Reserve at the Country Club,23.8149,21.3316,20.6215,3208,27691,52.4341,22.3514,46.8947,24.012,0,2422.9729,24.9419,11.0594,-3.1934000000000005,-13.409252190855305,77.6486
37159050500,Rowan County,The Reserve at the Country Club / Cresent,16.0571,14.3331,13.8047,3834,103533,9.9767,72.2859,20.6219,0.1091,0.5183,1512.2268,12.7387,24.6318,-2.252399999999998,-14.027439575016647,27.714100000000002
37159050700,Rowan County,Wood Field area,6.1503,5.2871,5.4832,3650,63958,15.5618,66.2983,28.3978,3.9779,0,954.9391,15.1105,23.3702,-0.6670999999999996,-10.846625367868226,33.7017
37159050800,Rowan County,The Reserve at the Country Club / Wood Field / Granite Commons,6.6384,6.2514,6.7519,2808,47953,16.5089,19.8028,65.037,13.4347,0,377.2476,11.2161,30.5259,0.11350000000000016,1.7097493371896866,80.1972
37159050901,Rowan County,Rowan County,1.3383,1.3394,1.8399,4256,60276,16.6855,84.2164,3.0852,3.6888,2.4368,146.6469,20.3666,25.0168,0.5016,37.48038556377494,15.783600000000007
37159050903,Rowan County,Braunville Estates area,1.2535,1.2592,1.6513,5774,78988,4.7454,92.0737,2.59,0.2607,0,200.3445,18.5642,18.3383,0.39779999999999993,31.735141603510165,7.926299999999998
37159050904,Rowan County,Rowan County,0.4498,0.4253,0.5624,2952,95904,4.6035,95.4849,0,3.8127,0,59.7414,17.6923,19.4983,0.11260000000000003,25.033348154735446,4.515100000000004
37159051001,Rowan County,Braunville Estates area,2.3619,2.0804,2.443,7505,55404,14.8918,90.9979,0.7258,5.2896,0.0977,310.2569,21.2421,17.9902,0.08110000000000017,3.4336762775731478,9.002099999999999
37159051002,Rowan County,Granite Commons / Braunville Estates,4.0072,3.8257,4.7836,6766,65858,12.4127,92.261,1.244,5.251,0.0434,763.7266,30.4065,9.7787,0.7763999999999998,19.375124775404267,7.739000000000004
37159051101,Rowan County,Granite Commons / Jackson Park,1.7855,1.8341,2.2956,7311,59717,8.4769,82.9767,1.4452,12.0345,1.5286,277.4237,23.527,20.9005,0.5100999999999998,28.569028283393994,17.023300000000006
37159051102,Rowan County,Granite Commons / Cresent,7.6183,6.5231,7.6815,2779,70417,12.8832,89.7473,3.1047,2.5271,1.8051,212.4623,15.9567,27.509,0.06320000000000014,0.8295814026751395,10.252700000000004
37159051201,Rowan County,Rowan County,4.3887,3.7228,3.9252,6493,66764,18.4186,59.9137,15.202,15.4641,0,625.8112,20.0278,9.5436,-0.46350000000000025,-10.56121402693281,40.0863
37159051202,Rowan County,Hidden Creek area,5.2062,4.464,4.2758,3859,80536,16.3205,50.6339,13.7578,30.8336,1.5376,328.1881,20.4208,17.939,-0.9303999999999997,-17.870999961584257,49.3661
37159051204,Rowan County,Cresent / Hidden Creek,6.7928,6.4065,6.2811,5026,74306,11.253,48.2013,18.651,24.8822,5.3105,940.4086,21.3276,17.6874,-0.5116999999999994,-7.532976092333049,51.7987
37159051301,Rowan County,Hidden Creek area,1.3348,1.3146,1.6361,2158,57371,12.7232,78.9732,10.7589,8.2589,0.9375,159.8907,23.4375,18.4375,0.3013000000000001,22.572670062930786,21.026799999999994
37159051302,Rowan County,Greystone Village / Wood Field / Hidden Creek,1.7667,1.6779,2.0185,5489,63487,19.8462,67.5192,18.3654,9.6346,0.8077,341.7934,20.2115,19.5385,0.2518,14.252561272428824,32.4808
37159051303,Rowan County,Hidden Creek / Cresent,8.901,7.9042,8.5614,6551,50025,29.819,44.6363,42.3281,9.4155,1.2953,1219.2109,28.0139,17.2202,-0.339599999999999,-3.8153016514998206,55.3637
37159051400,Rowan County,Jackson Park area,4.9668,4.8255,6.2412,8425,78857,9.6074,65.1235,9.0293,22.6077,0.3676,716.354,24.2734,14.0149,1.2744,25.658371587339936,34.87649999999999
37159051501,Rowan County,Jackson Park area,8.2848,7.3557,7.5533,5510,66201,18.1836,49.9039,18.9277,22.2905,0.8071,2366.8759,25.9032,9.166,-0.7315000000000005,-8.829422556971808,50.0961
37159051502,Rowan County,Jackson Park / Kellswater Bridge / Car Town,3.4851,3.0793,3.1059,3477,65500,23.0577,76.0544,14.6226,3.9401,0,659.6349,22.1143,16.5927,-0.3792,-10.880606008435914,23.9456
37159051600,Rowan County,Jackson Park area,6.951,6.0718,5.8733,6562,56382,9.8845,68.3616,12.3195,11.221,4.096,726.4888,25.6277,17.2316,-1.0776999999999992,-15.504243993669965,31.638400000000004
37159051700,Rowan County,China Grove,3.9273,3.854,5.2751,8073,48787,15.8266,69.1383,5.0115,21.0816,1.0867,471.5922,23.2549,15.6354,1.3478000000000003,34.31874315687624,30.8617
37159051801,Rowan County,Rowan County,1.7277,1.9255,2.6556,3826,61358,20.6171,86.7117,1.0938,9.5183,0.1862,189.9381,23.0626,17.8962,0.9279000000000002,53.707240840423694,13.288300000000007
37159051802,Rowan County,Rowan County,0.9997,1.0149,1.3872,4935,81563,9.3923,78.8674,3.749,8.6227,0.8485,148.2295,23.1452,16.101,0.38749999999999996,38.761628488546556,21.132599999999996
37159051901,Rowan County,Rowan County,1.3431,1.2542,1.5728,4986,71986,6.7407,85.8588,4.1432,8.7726,0,77.7216,18.9846,20.8714,0.22970000000000002,17.102226193135287,14.141199999999998
37159051903,Rowan County,Rowan County,1.0136,1.2027,1.4046,2830,86786,4.688,65.5636,24.4743,1.3444,0,74.7459,15.4774,23.4057,0.391,38.57537490134175,34.436400000000006
37159051904,Rowan County,Rowan County,1.2676,1.1317,1.4138,3653,78263,21.6889,69.2327,14.5753,13.3693,2.4891,88.039,26.02,14.7806,0.14619999999999989,11.533606816030284,30.767300000000006
37159052000,Rowan County,The Reserve at the Country Club area,34.8287,29.2422,29.6585,2969,40333,35.0114,28.5366,51.2544,19.547,0,2895.1565,28.2578,12.23,-5.170199999999998,-14.844653977897533,71.46340000000001
37167930101,Stanly County,Stanly County,0.8488,0.8186,1.0561,4889,63092,15.1121,87.4535,3.8975,3.4377,3.1531,99.64,22.1809,20.2978,0.20730000000000004,24.422714420358158,12.546499999999995
37167930102,Stanly County,Stanly County,1.3315,1.2457,1.4328,3973,71713,11.8308,79.5837,10.2652,1.7394,4.99,128.5916,20.0741,16.2247,0.10130000000000017,7.607960946301177,20.416300000000007
37167930200,Stanly County,Vickers Plantation area,1.6706,1.528,1.6075,4924,53985,15.5386,69.8726,20.3397,7.4098,0.4883,162.8243,18.7049,20.8705,-0.06310000000000016,-3.7770860768586227,30.127399999999994
37167930300,Stanly County,Vickers Plantation / Park West / Anderson Ridge,4.091,3.9678,4.5531,4029,76058,7.9565,69.7708,6.9723,8.0946,8.405,427.8405,17.0248,25.0239,0.4620999999999995,11.295526766071852,30.229200000000006
37167930500,Stanly County,Park West area,2.0979,1.6997,1.8725,3211,46603,15.1215,83.0561,1.4787,11.7991,1.3555,330.0675,23.4442,25.3235,-0.22540000000000004,-10.74407741074408,16.9439
37167930700,Stanly County,Stanly County,0.6976,0.632,0.7466,4501,69567,6.1074,93.9433,0.411,0.1514,2.1847,92.2072,20.6792,17.8023,0.049000000000000044,7.024082568807345,6.056700000000006
37167930801,Stanly County,Stanly County,2.3304,2.2661,2.9767,7271,62476,7.0467,91.3543,0,6.5296,0,308.3441,24.0024,18.5611,0.6463000000000001,27.733436319945078,8.645700000000005
37167930802,Stanly County,Saddlebrook / Tucker Chase,1.0859,1.0787,1.4105,5154,77375,12.2256,77.7248,3.5442,15.3011,1.5625,165.9553,28.3727,12.4238,0.3246,29.892255272124505,22.275199999999998
37167930901,Stanly County,Stanly County,1.0224,1.0247,1.8002,2833,63586,7.6436,73.5097,12.4358,8.0537,0,111.7526,17.9234,20.2527,0.7778,76.07589984350548,26.490300000000005
37167930902,Stanly County,Red Cross,1.2577,1.2436,1.5931,3811,76439,19.6944,91.7104,0.9671,1.5474,0,204.299,24.8411,20.4476,0.3353999999999999,26.667726802894165,8.289599999999993
37167931001,Stanly County,Stanly County,0.4503,0.4203,0.4647,2440,76083,5.6203,93.1234,2.4855,0,1.0771,63.215,28.749,19.0141,0.014400000000000024,3.197868087941378,6.876599999999996
37167931002,Stanly County,Grandview / Morgan Hills,2.1992,2.2542,2.6292,3293,63438,25.4986,79.9219,17.9866,0.7529,0,118.6722,19.6877,15.6721,0.43000000000000016,19.552564568934166,20.078100000000006
37167931101,Stanly County,Stanly County,1.3964,1.3957,1.6382,1790,62399,4.6868,82.6949,12.1676,2.2983,0.721,148.935,14.3308,18.5669,0.24180000000000001,17.315955313663704,17.305099999999996
37167931102,Stanly County,Stanly County,0.9866,0.9657,1.0631,2987,50714,18.041,72.4958,24.6541,0.6641,0,110.8826,21.4444,14.1395,0.0764999999999999,7.753902290695306,27.504199999999997
37167931202,Stanly County,Park West / Morgan Hills,3.2486,2.5537,2.8892,2886,62692,19.0594,85.5379,11.1464,1.3757,0,298.9892,23.0688,19.6473,-0.35939999999999994,-11.063227236347965,14.462100000000007
37167931203,Stanly County,Morgan Hills / Grandview,19.6129,16.7431,19.1336,3225,22264,39.4381,30.4247,56.4035,11.4798,0,2366.7986,20.3384,17.9164,-0.4792999999999985,-2.443799744046003,69.5753
37167931204,Stanly County,Morgan Hills / Anderson Ridge,14.9058,12.3766,12.654,3434,50044,20.1127,64.9105,23.0948,2.0875,8.1842,1757.1866,19.3837,25.0497,-2.2517999999999994,-15.106871150827192,35.0895
37179020100,Union County,Union County,0.4992,0.4921,0.7769,7555,102581,4.0492,96.7927,0.8686,1.2428,0,88.1204,24.3619,15.8092,0.27770000000000006,55.62900641025642,3.2073000000000036
37179020203,Union County,Downtown / Bethel Glen,2.1651,2.3599,2.9834,4510,125667,3.6558,82.6521,6.04,5.5177,1.317,377.5298,20.3451,17.0527,0.8183000000000002,37.795021015195616,17.347899999999996
37179020204,Union County,Fairview,0.9388,1.0399,1.5461,3956,81950,9.2907,92.4767,0.3821,4.1557,0.7643,98.8368,25.9135,16.2646,0.6073000000000001,64.68896463570516,7.523300000000006
37179020205,Union County,Unionville,2.8649,3.0769,3.9212,3885,89777,3.3559,80.2312,8.009,5.8094,2.9329,290.8352,25.5781,13.8466,1.0562999999999998,36.87039687249118,19.7688
37179020206,Union County,Unionville,1.9005,1.9963,2.4085,4201,83152,14.813,89.2508,0.1002,6.665,0.0251,240.5171,23.0519,13.6307,0.508,26.729807945277557,10.749200000000002
37179020305,Union County,Hemby Bridge,4.8902,5.2659,6.9118,9667,110213,4.4076,63.9508,12.8692,9.5531,8.0268,1431.1627,30.7456,7.7413,2.0216000000000003,41.33982250214716,36.0492
37179020307,Union County,Union County,14.1833,13.5107,16.8348,7441,80065,7.548,66.3331,6.0606,20.392,2.6689,933.181,25.424,16.5277,2.651500000000002,18.694521021201005,33.6669
37179020308,Union County,Union County,2.9722,3.4895,4.3098,8276,110683,7.1088,63.4115,12.3414,16.1348,4.9853,905.7923,31.3982,9.7398,1.3376000000000001,45.00370096225019,36.5885
37179020309,Union County,Downtown area,5.5544,6.2512,6.7808,2819,110089,9.9025,80.1088,3.1469,10.1787,4.8174,1828.6502,23.8539,13.8695,1.2264,22.079792596860145,19.891199999999998
37179020310,Union County,Downtown area,7.4064,7.7154,8.5304,5614,115541,4.1714,74.863,9.5823,7.3143,3.6099,2343.4368,21.168,15.5358,1.1240000000000006,15.176063944696487,25.137
37179020312,Union County,Matthews Commercial Historic District area,21.8287,21.5134,26.3131,4290,86163,11.0864,66.5408,10.8865,12.9305,2.0662,866.629,21.8174,7.3095,4.484399999999997,20.54359627462926,33.459199999999996
37179020313,Union County,Matthews Commercial Historic District area,13.0186,11.624,13.2481,2469,79102,9.5908,84.5579,4.4435,6.2912,1.8918,1296.8024,21.6014,14.1223,0.2295000000000016,1.762862366153055,15.442099999999996
37179020314,Union County,Matthews Commercial Historic District area,11.1727,10.6956,11.8212,5802,88421,1.7953,65.0791,13.5677,8.8225,4.7803,2878.4404,26.696,15.7645,0.6484999999999985,5.804326617558858,34.9209
37179020315,Union County,Matthews Commercial Historic District area,5.6036,5.58,5.8969,5072,127125,2.7481,85.607,2.0759,5.4962,3.1831,1177.0018,27.6987,10.3796,0.29329999999999945,5.234135198800761,14.393
37179020316,Union County,Indian Trail,6.9341,6.9305,7.5273,5809,100240,7.716,81.1738,8.7081,3.9825,3.6776,1617.6795,22.7896,13.6052,0.5932000000000004,8.554823264735155,18.8262
37179020317,Union County,Union County,10.41,11.5485,12.4147,7850,127988,9.0474,64.8991,13.0998,14.7083,1.7585,2870.0619,28.2715,10.4417,2.0046999999999997,19.25744476464937,35.100899999999996
37179020318,Union County,Lake Park,15.9416,15.0058,18.1026,3595,75226,6.9229,75.7567,5.0083,15.2449,1.9538,2228.2413,21.0787,12.9059,2.1609999999999996,13.555728408691722,24.243300000000005
37179020319,Union County,Downtown / Matthews Commercial Historic District,7.1878,7.651,10.7767,3652,87188,1.8327,66.8933,4.9364,15.5188,11.7943,1352.4493,28.9388,15.8735,3.5888999999999998,49.93043768607919,33.106700000000004
37179020320,Union County,Indian Trail,12.4238,13.0003,14.5478,2761,91852,4.8702,84.3583,3.9815,5.5101,0.1777,2893.4094,27.1241,17.5258,2.1240000000000006,17.09621854827026,15.6417
37179020321,Union County,Indian Trail,17.1947,14.2703,18.8152,4500,81919,12.6717,53.277,6.6983,36.3355,0.6801,1174.361,24.8763,13.2935,1.6204999999999998,9.424415662965913,46.723
37179020401,Union County,Union County,11.8226,11.5349,15.7776,7174,86975,7.3141,62.5318,22.2022,11.6105,0.3446,658.2035,24.7191,18.4719,3.955,33.45287838546513,37.4682
37179020403,Union County,Union County,4.6963,5.2187,6.1235,4475,87184,8.6261,60.3165,13.2963,25.2158,0,660.1151,24.291,14.961,1.4272,30.38988139599259,39.6835
37179020405,Union County,Union County,20.6261,19.539,18.9627,1969,56250,15.6502,59.206,13.061,23.9356,0,1161.3294,17.7791,12.1404,-1.6633999999999993,-8.064539588191655,40.794
37179020406,Union County,Union County,27.563,25.8419,29.9231,4067,39989,17.4023,13.8664,25.8597,52.5301,0,1892.5372,32.709,6.1784,2.3601000000000028,8.562565758444302,86.1336
37179020501,Union County,Union County,9.7905,8.9585,9.5677,5610,86071,7.2629,38.0723,22.0203,31.7299,0.3563,1303.8711,25.53,16.7647,-0.22279999999999944,-2.275675399622077,61.9277
37179020502,Union County,Union County,2.7517,2.694,2.9659,3790,68929,10.4712,50.3528,22.498,24.8236,0.5226,525.5106,18.7353,14.7374,0.21419999999999995,7.784278809463239,49.6472
37179020601,Union County,Union County,9.1245,8.4887,10.3287,5873,75354,21.6758,30.9257,23.4317,44.2014,0.8477,458.8444,26.0088,12.4788,1.2042000000000002,13.19743547591649,69.0743
37179020602,Union County,Union County,5.4311,4.9877,5.0196,4700,59139,23.1857,36.3275,24.3045,33.903,1.252,569.7388,19.3164,19.535,-0.4115000000000002,-7.576733994954985,63.6725
37179020701,Union County,Union County,3.0299,3.1317,4.1744,6656,70250,21.8475,44.356,29.9984,17.3624,1.2181,483.1879,17.6547,12.1813,1.1445000000000003,37.773523878675874,55.644
37179020702,Union County,Union County,1.2828,1.2899,1.6811,4261,66439,15.5838,63.0571,12.8956,20.6028,2.0883,153.4469,22.3036,17.2228,0.3983000000000001,31.049267227938895,36.9429
37179020800,Union County,Union County,1.4398,1.3543,1.682,5579,66398,10.5349,61.9581,27.8429,7.8891,0,104.712,24.076,19.3141,0.24219999999999997,16.82178080288929,38.0419
37179020901,Union County,Union County,0.5816,0.5021,0.649,5119,77934,2.3434,74.2024,21.3273,0.768,0.1969,65.1485,20.579,15.4982,0.06740000000000002,11.588720770288862,25.797600000000003
37179020902,Union County,Union County,0.7564,0.7389,0.8827,7217,75370,16.777,76.0213,1.9861,18.1172,0.7105,135.5044,15.8082,20.4263,0.12630000000000008,16.69751454257008,23.978700000000003
37179021004,Union County,Mineral Springs,2.492,3.0712,4.0188,7251,139397,1.7819,76.3456,10.3298,10.7124,1.2665,821.7183,26.2929,9.6306,1.5267999999999997,61.26805778491171,23.654399999999995
37179021005,Union County,Union County,1.346,1.4209,1.7933,4609,78788,12.2585,74.2164,11.1851,9.0167,0,165.6941,19.8368,23.0142,0.4472999999999998,33.23179791976224,25.783600000000007
37179021006,Union County,Blakeney area,9.3442,9.5546,12.1486,5740,250001,0.7433,81.7641,1.8996,8.0608,5.5335,1743.0029,30.4592,8.8371,2.8043999999999993,30.012200081333866,18.2359
37179021007,Union County,Blakeney area,8.3435,8.843,11.5523,7237,250001,5.1251,63.9601,4.6335,3.6949,20.1281,1275.5073,33.5667,8.2837,3.2088,38.45868040989992,36.0399
37179021009,Union County,Millbridge area,6.8787,7.5976,9.8142,4568,208672,4.0534,68.6368,7.2464,3.4873,15.0815,1273.6629,34.6694,5.6386,2.9354999999999993,42.67521479349295,31.363200000000006
37179021012,Union County,Millbridge area,3.3011,3.8038,4.7141,5449,138750,2.6644,83.4172,3.8569,5.9251,2.9625,848.9157,35.327,10.4528,1.4130000000000003,42.803913846899526,16.582800000000006
37179021013,Union County,Millbridge area,6.4029,9.034,11.8129,10294,99200,5.9114,63.065,10.2203,15.5027,3.8626,2070.4025,30.6191,9.6774,5.410000000000001,84.49296412563059,36.935
37179021014,Union County,Millbridge area,1.9278,2.0454,2.512,2486,92115,6.5599,90.0458,6.7124,0.4958,0,335.444,24.3326,14.3402,0.5842,30.303973441228344,9.9542
37179021015,Union County,Union County,0.7471,0.8124,1.0883,4653,81953,13.0598,72.8104,20.8971,2.466,1.6156,158.4541,21.8537,20.0043,0.34120000000000006,45.66992370499265,27.1896
37179021016,Union County,Millbridge / Blakeney / Bent Creek,7.6381,7.696,9.4358,4811,222446,1.8236,67.1756,3.4987,2.7566,17.6633,989.8804,28.6047,7.464,1.7977000000000007,23.535957895288107,32.8244
37179021017,Union County,Millbridge / Bent Creek,7.4503,8.4776,8.6397,5861,236862,2.0975,66.9813,3.828,13.0921,14.2632,1824.288,34.487,10.243,1.1893999999999991,15.96445780706816,33.018699999999995
37179021018,Union County,Blakeney area,4.0375,5.1446,6.7819,4663,160729,6.1666,78.2157,6.103,3.5601,10.2988,701.5836,28.6925,12.1636,2.7444000000000006,67.97275541795668,21.784300000000002
37179021019,Union County,Providence / Matthews Commercial Historic District / Blakeney,3.6481,4.4528,6.0743,5533,175817,2.7432,78.4436,6.1089,2.3346,6.6148,910.6297,25.7393,15.9339,2.4262,66.50585236150326,21.556399999999996
37179021020,Union County,Wesley Chapel,5.6423,6.0111,7.078,5028,192625,0,68.2312,7.645,6.4357,13.015,892.6424,31.8303,5.3904,1.4357000000000006,25.44529713060278,31.7688
37179021021,Union County,Union County,8.6091,8.5236,9.4999,2561,181135,4.5859,72.3427,13.331,5.6523,7.6786,784.5071,29.3637,13.331,0.8908000000000005,10.347190763262134,27.657300000000006
45023020100,Chester County,CHESTER,18.9289,18.1671,14.9667,2043,36111,27.9628,32.6641,64.9363,0.7346,0,1503.1293,18.952,24.6327,-3.9621999999999993,-20.93201401032284,67.33590000000001
45023020200,Chester County,CHESTER,12.2072,11.5097,8.2659,3045,52930,17.074,51.5152,38.2209,7.3965,1.3685,1531.5412,27.8267,14.7605,-3.9413,-32.28668326889049,48.4848
45023020300,Chester County,Chester County,7.9504,7.3166,6.379,3396,34485,38.2669,18.9413,78.7697,0.7439,0,930.3744,21.0873,17.4249,-1.5714000000000006,-19.765043268263238,81.0587
45023020400,Chester County,Chester County,0.8043,0.7059,0.7425,2855,66944,12.9022,59.376,32.5967,5.0374,0,60.163,23.8544,20.5395,-0.061799999999999966,-7.68370011189854,40.624
45023020500,Chester County,Chester County,0.3212,0.3002,0.3266,2839,59386,18.8485,80.1576,13.8451,1.4736,0,21.4258,15.8328,23.5093,0.005400000000000016,1.6811955168119601,19.842399999999998
45023020601,Chester County,Chester County,0.298,0.2869,0.2567,2350,56455,7.2215,63.1,31.4399,0,3.6988,19.3538,14.2228,24.7028,-0.0413,-13.859060402684568,36.9
45023020602,Chester County,Chester County,1.3904,1.7474,1.9486,3728,55911,20.634,64.3726,30.4865,2.2388,0,53.1004,25.6495,18.1316,0.5582,40.14672036823935,35.627399999999994
45023020700,Chester County,Chester County,1.9754,2.2991,2.3693,2014,50962,17.8673,62.9858,23.8389,8.0095,1.4218,45.0776,16.9194,17.8673,0.3938999999999999,19.940265262731597,37.0142
45023020800,Chester County,Chester County,0.7608,0.7758,1.0093,5697,60270,10.8688,71.5893,23.9276,1.0724,0,83.899,28.4283,12.4473,0.24850000000000005,32.66298633017876,28.410700000000006
45023020900,Chester County,Chester County,0.4254,0.4402,0.4575,2286,59444,17.1981,66.4932,21.8522,1.5088,0.7284,27.8768,18.7305,22.5806,0.03210000000000002,7.545839210155152,33.5068
45023021000,Chester County,GREAT FALLS,2.481,2.1963,2.1433,1929,31525,30.8592,50.8897,38.9426,3.6096,0,257.5271,23.03,23.3859,-0.3376999999999999,-13.611446997178554,49.1103
45057010100,Lancaster County,Lancaster County,0.5798,0.5552,0.6651,4227,66230,11.9692,86.1009,5.9041,3.0258,2.7798,56.5828,18.9176,17.0234,0.08530000000000004,14.711969644705079,13.899100000000004
45057010201,Lancaster County,Lancaster County,0.9044,1.0359,1.2536,2890,49426,17.7378,68.9552,25.5721,0.9287,0,43.7638,13.1675,13.1012,0.34920000000000007,38.61123396727113,31.044799999999995
45057010202,Lancaster County,KERSHAW,1.0896,1.17,1.3266,4995,44633,10.9554,65.0227,26.7903,1.519,0,158.1987,21.089,25.3699,0.2370000000000001,21.751101321585914,34.9773
45057010300,Lancaster County,Lancaster County,0.5347,0.522,0.5372,5535,61382,12.386,83.6883,10.8139,0,1.5024,39.2887,26.3497,15.7174,0.0025000000000000577,0.4675518982607178,16.311700000000002
45057010400,Lancaster County,Lancaster County,0.6531,0.6521,0.8268,3646,73464,7.6711,65.0474,21.1121,11.8851,0.4277,129.4599,18.7595,16.9569,0.17369999999999997,26.59623334864492,34.952600000000004
45057010500,Lancaster County,Lancaster County,4.9805,4.0339,4.0549,5401,44254,36.0938,36.9074,42.7425,16.0284,0,674.8604,23.3589,11.9256,-0.9256000000000002,-18.58447946993274,63.0926
45057010600,Lancaster County,Lancaster County,3.409,3.2166,3.3441,5714,64020,3.9661,72.8438,15.8642,10.3568,0,533.7192,24.8182,24.2639,-0.06489999999999974,-1.90378410090935,27.1562
45057010700,Lancaster County,LANCASTER,22.8841,18.3183,18.9269,3394,29196,31.4047,15.6278,83.0301,1.3421,0,1430.6809,23.4715,22.2189,-3.9572000000000003,-17.292355827845537,84.37219999999999
45057010800,Lancaster County,LANCASTER,21.359,17.04,15.0625,2045,35472,17.9602,49.3659,36.9268,6.0488,3.2195,1220.3467,12.7805,20.439,-6.296500000000002,-29.479376375298475,50.6341
45057010900,Lancaster County,Roselyn area,12.7415,11.5695,11.7733,4138,64917,14.7144,57.9411,21.3873,15.0564,2.3672,634.0664,22.4057,20.2587,-0.9681999999999995,-7.598791351096805,42.0589
45057011001,Lancaster County,Lancaster County,1.7182,1.7361,2.0007,5602,61838,11.6494,60.4475,35.5214,0.8691,0,210.4475,17.9919,19.2123,0.2825000000000002,16.44162495634968,39.5525
45057011002,Lancaster County,Lancaster County,1.7691,1.5905,1.8895,4509,51345,24.7384,75.1273,12.6698,10.2292,0,132.8429,24.9363,14.8769,0.12040000000000006,6.805720422813864,24.872699999999995
45057011100,Lancaster County,Roselyn area,1.1265,1.0218,1.061,5707,58625,26.7941,70.674,19.7518,7.0758,0.8384,110.6116,21.8645,20.1543,-0.06550000000000011,-5.814469596094106,29.325999999999993
45057011203,Lancaster County,Bretagne / Wakefield / The Traditions at Covington,4.4752,5.2523,7.1948,3830,221923,0,63.7806,1.4251,15.3267,18.9298,977.0733,29.4972,4.598,2.7196,60.770468358956016,36.2194
45057011204,Lancaster County,Rosemont / Avondale,9.1341,10.8251,15.2152,7494,153240,5.2316,73.2106,4.7817,11.3157,8.6576,1828.8353,23.166,14.4194,6.081099999999999,66.57579838188764,26.7894
45057011205,Lancaster County,Fox Ridge / Lynnwood Farms / Reid Pointe,7.2561,9.3571,9.9629,8431,102500,5.8993,66.2391,23.4122,4.9938,4.4209,1421.0277,30.934,13.5118,2.7067999999999994,37.30378578024007,33.76090000000001
45057011206,Lancaster County,Fox Ridge / Avondale,8.8862,10.4153,14.0203,2827,108769,8.703,84.4951,3.7178,11.3223,0,673.8616,18.4199,18.082,5.1341,57.77610227093695,15.504900000000006
45057011207,Lancaster County,Bent Creek area,4.0732,4.314,4.771,3985,149766,1.6521,83.179,1.8023,2.9537,2.5532,1202.4482,31.3392,10.9387,0.6978,17.13149366591378,16.820999999999998
45057011208,Lancaster County,Bent Creek area,6.145,8.3619,11.581,5015,88744,2.5311,70.4701,18.0996,9.0398,0,1152.4411,16.3519,37.505,5.436,88.46216436126933,29.529899999999998
45057011209,Lancaster County,Roselyn / Walnut Creek / Cedar Valley,1.5131,1.9489,2.2398,9095,91006,7.0289,85.4427,7.6159,2.2075,2.7103,274.1806,5.3471,64.5941,0.7266999999999999,48.02722886788712,14.557299999999998
45057011210,Lancaster County,Walnut Creek / Bent Creek,2.3955,5.5374,7.4185,5805,94261,11.1208,67.269,12.6283,10.924,1.9097,2275.3601,25.2567,11.9097,5.023,209.68482571488204,32.730999999999995
45057011211,Lancaster County,Walnut Creek / Roselyn,1.4324,1.9548,2.9709,190,80701,7.9602,77.6119,8.4577,9.9502,0,40.1235,11.9403,57.7114,1.5385,107.40714884110584,22.388099999999994
45091060102,York County,Seven Oaks area,22.4605,21.2786,25.9566,2745,80495,12.4807,79.7972,14.9456,1.2392,2.178,1840.943,10.1014,10.8149,3.496100000000002,15.565548407203766,20.202799999999996
45091060200,York County,Seven Oaks area,29.7299,27.6351,30.056,3512,42009,24.417,51.166,34.513,11.5501,0,2046.0338,19.808,15.4458,0.3261000000000003,1.0968755360764761,48.834
45091060300,York County,Seven Oaks / South Rock Hill,25.703,24.8033,24.1155,3519,36593,28.7845,26.9756,62.2342,0.3174,0.6982,2831.8854,25.4205,14.2177,-1.5874999999999986,-6.176321830136555,73.0244
45091060401,York County,South Rock Hill / Seven Oaks,23.3845,21.8143,19.0197,2735,33125,37.9538,3.5039,90.1969,0.5906,5.3937,3198.6987,17.7559,25.0394,-4.364799999999999,-18.665355256687118,96.4961
45091060402,York County,South Rock Hill area,8.6323,8.7471,7.8964,3222,81138,12.6217,23.2966,71.0902,2.109,2.1415,1888.6218,32.1869,8.1765,-0.7359000000000009,-8.524958585776686,76.7034
45091060501,York County,Seven Oaks / West Rock Hill,38.5821,37.2653,38.0408,3608,24589,28.6303,23.2084,65.2474,1.5892,6.087,2635.1338,13.1034,11.4843,-0.5412999999999997,-1.4029822119583946,76.7916
45091060502,York County,South Rock Hill / West Rock Hill,12.0419,10.7835,9.9994,2357,47339,18.3123,13.3971,83.2971,2.7403,0.348,1255.9359,29.4041,15.572,-2.0425000000000004,-16.961609048405986,86.6029
45091060600,York County,Seven Oaks area,61.452,51.5852,59.6741,1471,NA,75,46.0552,43.6818,4.4901,0.3849,9142.9626,1.4753,0.0641,-1.7778999999999954,-2.893152379092618,53.9448
45091060700,York County,North Rock Hill area,24.9527,22.0986,23.5324,5833,70794,10.4653,69.9656,17.8485,5.525,1.4802,2335.3808,20,22.4441,-1.420300000000001,-5.691969205737259,30.034400000000005
45091060802,York County,Seven Oaks / North Rock Hill,26.574,28.2281,29.8495,1923,74632,14.206,69.863,14.1553,3.9066,5.3272,1860.156,17.1487,16.3369,3.2754999999999974,12.325957703017977,30.137
45091060803,York County,North Rock Hill area,18.1159,17.4558,17.5687,4732,55731,14.8936,54.6866,24.4056,16.1525,1.4934,3507.4954,21.2026,19.4341,-0.5472000000000001,-3.0205510076783386,45.3134
45091060804,York County,North Rock Hill area,29.3333,28.3261,31.8939,4842,57161,15.1797,58.5253,22.3502,15.3331,0.7331,3085.6019,21.1563,12.3586,2.5605999999999973,8.729328101509196,41.4747
45091060901,York County,East Rock Hill / Seven Oaks,27.4703,30.5425,35.8685,7486,65786,10.2466,43.863,38.4532,13.1983,1.5495,1133.8905,24.5209,7.0409,8.398199999999996,30.571926771822643,56.137
45091060904,York County,West Rock Hill area,5.7581,5.2299,5.6861,7255,112958,8.2511,64.8633,24.9755,3.4758,0.1261,697.5446,21.2053,17.6034,-0.07200000000000006,-1.2504124624442101,35.136700000000005
45091060908,York County,West Rock Hill / North Rock Hill,22.3836,19.9305,18.455,3612,52273,23.302,38.1446,51.6684,6.8504,1.7695,2943.7536,26.8706,14.181,-3.928600000000003,-17.55124287424723,61.8554
45091060909,York County,West Rock Hill / North Rock Hill,14.3565,12.7709,12.365,5642,87922,4.292,72.4684,18.6885,3.0063,1.5999,1650.9305,21.5541,23.7869,-1.9915000000000003,-13.871765402430956,27.531599999999997
45091060910,York County,North Rock Hill area,3.0686,3.0719,3.5083,4266,112115,1.9638,79.6287,8.9737,2.4755,3.4554,710.4792,21.2223,19.1851,0.4397000000000002,14.329009971974196,20.371300000000005
45091060911,York County,North Rock Hill area,5.7197,5.5607,6.1057,5674,99931,0.6729,58.8454,21.6929,13.5824,0.5844,1046.6436,27.3065,13.246,0.3860000000000001,6.748605696102945,41.1546
45091060912,York County,North Rock Hill area,4.8913,4.5949,5.0057,1883,108780,2.5337,87.5472,6.469,1.9946,1.2938,669.6541,25.7143,13.2075,0.11439999999999984,2.3388465234191282,12.452799999999996
45091060913,York County,North Rock Hill area,17.8732,15.4652,17.4088,6446,72720,9.6276,69.4621,16.168,4.1852,5.888,2241.2399,17.5366,18.0777,-0.46440000000000126,-2.598303605398033,30.537899999999993
45091061004,York County,Old Orchid / North Rock Hill,8.4754,9.3313,10.0653,11374,131246,5.5263,79.9484,8.0114,5.6513,3.2083,2073.7082,29.1694,15.5435,1.5899,18.758996625528,20.051599999999993
45091061006,York County,Nations Ford / Prestwick,22.7445,22.6319,27.1427,4163,143182,0.9455,69.7939,5.2364,7.8061,8.7515,980.6638,22.8364,15.297,4.398200000000003,19.337422233946683,30.206100000000006
45091061007,York County,Prestwick / Nations Ford,16.3352,19.581,23.7673,9080,81140,3.1366,56.0525,4.2867,23.908,8.5618,2997.9405,25.3601,12.3374,7.432099999999998,45.49745335226993,43.9475
45091061008,York County,Prestwick / Wakefield / Whiteville Park,6.9281,7.9091,9.1943,9034,138636,1.4941,66.3777,11.9069,6.8659,8.3714,1561.8375,34.4548,11.6446,2.2662000000000004,32.71026688413851,33.622299999999996
45091061009,York County,North Rock Hill area,6.1549,6.9746,8.4932,10948,129869,1.0116,70.6587,7.5213,3.9829,13.1101,2530.4423,26.0751,15.714,2.3383000000000003,37.990869063672854,29.341300000000004
45091061010,York County,North Rock Hill area,6.4692,7.3035,8.0488,5925,127841,3.0704,53.7498,13.3933,23.5398,6.1585,2499.4327,26.4514,14.8932,1.5796000000000001,24.417238607555806,46.2502
45091061011,York County,Whiteville Park / Old Orchid,13.6873,20.1232,22.0202,9617,82188,14.4086,65.3602,13.0932,12.7225,6.2712,1839.7848,21.7797,11.2182,8.332899999999999,60.88052428163333,34.639799999999994
45091061012,York County,Steele Creek / Whiteville Park,18.0021,16.6975,18.4569,4589,140956,1.6927,74.0757,8.8864,4.1425,9.755,2314.8661,22.784,11.6481,0.4548000000000023,2.5263719232756308,25.924300000000002
45091061101,York County,Whiteville Park area,8.6061,9.0793,10.67,5294,67418,4.7437,68.4401,22.7464,4.2762,0.1606,1100.8617,24.0313,15.6997,2.0639000000000003,23.98182684375037,31.5599
45091061103,York County,Old Orchid / Nims Village / The Forest at Fort Mill,4.2228,5.2858,8.2625,12447,141401,4.2089,78.8362,10.4797,4.1152,1.6273,1192.8176,30.587,6.9865,4.039699999999999,95.66401439802972,21.163799999999995
45091061104,York County,Lakebridge / Massey,3.6795,4.3089,6.0644,7909,124565,4.5487,71.4547,4.774,10.1394,2.9432,1253.1513,29.1227,13.3784,2.3849,64.81587172170133,28.545299999999997
45091061202,York County,Riverchase / Cedar Valley / Ellis Pond,2.3023,2.3599,2.857,4167,57469,9.601,67.8563,9.648,1.5998000000000001,0.1723,255.0516,22.668,21.8312,0.5547000000000004,24.093298006341506,32.143699999999995
45091061203,York County,Cedar Valley area,3.6639,3.2422,3.1639,6363,73083,6.7303,81.5375,14.0991,2.0778,0.935,282.9698,23.7904,12.8673,-0.5,-13.646660662135975,18.462500000000006
45091061204,York County,Seven Oaks area,25.7163,26.0407,28.5055,4445,71546,6.431,63.3979,29.3273,3.1015,1.1174,1137.8716,20.6385,15.5302,2.789200000000001,10.846039282478431,36.6021
45091061205,York County,Ellis Pond / Seven Oaks,5.4546,5.6956,7.8095,4392,69397,12.0867,74.2424,15.7531,5.4367,0,367.7641,21.4349,23.284300000000002,2.3548999999999998,43.172734939317266,25.757599999999996
45091061301,York County,South Rock Hill area,4.6635,4.5452,4.826,4552,76713,7.3624,41.9775,52.8802,1.2359,0.7725,480.8582,18.1417,14.478,0.16249999999999964,3.484507344269318,58.0225
45091061302,York County,South Rock Hill / West Rock Hill,1.4677,1.3155,1.4733,4416,91722,8.2321,70.4426,26.6911,2.0179,0,116.725,22.0362,14.0105,0.005600000000000049,0.38154936294883485,29.5574
45091061401,York County,York County,0.4584,0.4847,0.5118,4676,85750,5.4741,87.1784,6.3454,5.4296,0.2617,66.5632,16.2887,17.5098,0.05340000000000006,11.649214659685878,12.821600000000004
45091061403,York County,West Rock Hill area,1.708,1.5821,1.8307,6256,98095,2.9693,72.6344,17.3505,3.6342,1.4403,229.3802,22.5088,14.9054,0.12270000000000003,7.1838407494145216,27.3656
45091061404,York County,West Rock Hill area,6.4877,5.7037,5.7382,3351,101696,8.8235,72.2745,23.0493,3.1267,0.6641,788.0039,21.7211,23.0216,-0.7495000000000003,-11.552630362069767,27.725499999999997
45091061503,York County,Lincoln Estates area,1.3663,1.4122,1.4744,3174,69640,11.3837,95.911,0.1963,0,0.1636,129.829,20.7393,21.2627,0.10809999999999986,7.9118787967503375,4.088999999999999
45091061504,York County,Lincoln Estates area,1.6762,1.6191,1.8487,4891,68625,9.4545,87.6792,2.7702,2.9059,5.0368,236.5779,18.3262,16.7183,0.1725000000000001,10.291134709461884,12.320800000000006
45091061505,York County,Lincoln Estates / West Rock Hill,1.4707,1.6882,1.6375,2885,62477,12.1533,74.9745,12.0204,9.1681,0.747,116.3533,13.3447,6.5874,0.16680000000000006,11.341538043108729,25.025499999999994
45091061506,York County,West Rock Hill / Lincoln Estates,2.1007,2.1531,2.3054,5616,82746,3.7922,86.7894,6.4687,2.3506,0,238.2102,18.1669,20.3171,0.20470000000000033,9.744370923977739,13.2106
45091061601,York County,Lincoln Estates area,6.4934,6.4509,5.7187,3403,55703,21.2616,39.1926,45.1049,1.3986,0.4132,623.4901,26.6688,14.3039,-0.7747000000000002,-11.93057566144085,60.8074
45091061602,York County,Lincoln Estates area,9.6597,9.8799,10.3962,6243,47411,12.3796,53.5582,20.3695,15.6627,0,1038.506,26.5542,14.3936,0.7364999999999995,7.624460386968534,46.4418
45091061701,York County,York County,0.6649,0.6828,0.7968,5434,75661,8.7746,89.2946,2.8675,4.588,0.2485,92.8108,25.3298,19.2889,0.1318999999999999,19.837569559332216,10.705399999999997
45091061705,York County,York County,1.9653,2.1642,2.2788,5222,73056,18.5579,80.2008,10.6897,4.4432,0.2045,213.2533,26.6964,16.0253,0.3134999999999999,15.951763089604633,19.7992
45091061706,York County,York County,2.1592,2.4587,2.4386,8332,83325,3.6624,74.9814,7.7371,13.4068,0.0124,449.1894,24.7215,14.5828,0.2794000000000003,12.939977769544292,25.018600000000006
45091061708,York County,York County,6.8862,6.7779,6.6131,7620,123376,10.2255,78.8411,14.6959,2.1762,1.6518,1053.0343,32.8526,11.0645,-0.27309999999999945,-3.965902820133012,21.158900000000003
45091061709,York County,The Sanctuary area,6.6609,7.7274,8.4972,7491,103918,7.0024,78.634,5.6393,11.5655,1.9228,1160.1999,24.3507,11.5655,1.8362999999999996,27.568346619826144,21.366
45091061710,York County,The Sanctuary area,5.0615,6.1319,6.0092,3992,111786,12.0135,80.2997,3.8675,9.3304,1.6679,1811.6505,23.9062,23.0602,0.9477000000000002,18.723698508347333,19.7003
45091061801,York County,CLOVER,5.6759,5.7887,6.2822,3406,78537,10.2291,55.0177,25.9995,10.7153,0.4895,750.8576,31.9826,10.0626,0.6062999999999992,10.682006377843146,44.9823
45091061802,York County,York County,3.378,3.442,3.2225,4706,66441,10.3106,76.1827,13.6596,6.6967,0.471,502.1217,25.5376,16.8339,-0.15549999999999997,-4.603315571343989,23.817300000000003
45091061900,York County,York County,0.3709,0.3566,0.3615,5497,58423,18.8515,78.5997,15.8479,2.5786,0,41.8657,17.0902,23.0378,-0.00940000000000002,-2.5343758425451655,21.4003
