geoid,county,label,canopy15,canopy23,change,income,density,pop,area,newhomes,dev_change,imp_change,black,poverty
37007920100,Anson County,Anson County,62.3824,62.7142,0.3318000000000012,46198.0,28.5434,2901.0,101.63470364427504,2.2665,0.04889999999999972,0.9925999999999995,52.2234,12.8576
37007920200,Anson County,Anson County,52.6508,51.0702,-1.580599999999997,52434.0,23.2199,1586.0,68.30348106580993,2.904,0.02320000000000011,0.6059999999999999,34.9937,24.0858
37007920301,Anson County,Anson County,46.2098,44.4395,-1.7702999999999989,58480.0,47.473,4229.0,89.08221515387694,2.5061,0.08549999999999969,0.4211999999999989,29.1085,16.3593
37007920302,Anson County,The Orchard area,62.8747,61.2406,-1.6340999999999966,80179.0,20.4652,669.0,32.68963899693138,9.0164,0.0882000000000005,0.6185999999999989,29.4469,3.7369
37007920400,Anson County,Anson County,62.7127,59.8962,-2.816499999999998,31610.0,53.8101,2208.0,41.03318893664944,1.5778,0.5102999999999991,1.0486000000000004,68.0707,33.288
37007920501,Anson County,Anson County,68.6925,67.6653,-1.0271999999999935,33509.0,46.6033,1007.0,21.607911886068155,14.978,0.1792000000000007,1.1390999999999991,46.6733,45.3823
37007920502,Anson County,Anson County,56.8402,57.1718,0.33159999999999457,44019.0,307.3916,4247.0,13.816252623689133,3.4097,0.14559999999999818,0.4120999999999988,54.98,20.7102
37007920600,Anson County,Anson County,58.0512,54.2739,-3.777300000000004,38438.0,20.9531,3410.0,162.7444149075793,1.7477,0.4621000000000004,2.5877,51.5249,21.9412
37007980000,Anson County,The Orchard area,49.446,50.6384,1.1923999999999992,,2996.4388,1646.0,0.5493187446378014,,0.0,0.23219999999999885,40.0365,
37025040501,Cabarrus County,West Concord / Tucker Chase,45.2221,44.7316,-0.49049999999999727,89644.0,1370.7977,9299.0,6.783641379030618,14.3416,2.194499999999998,1.8271000000000015,38.9289,16.5675
37025040502,Cabarrus County,West Concord area,48.2958,48.4204,0.12460000000000093,70483.0,467.9968,5943.0,12.69880477815233,21.5391,0.7560000000000002,0.9507000000000012,10.0118,17.6599
37025040600,Cabarrus County,Cabarrus County,43.0515,44.1574,1.1059000000000054,79366.0,139.9144,5653.0,40.4032751453746,7.984,0.0884999999999998,0.5892000000000017,4.8116,3.0957
37025040701,Cabarrus County,Jackson Park area,39.7815,39.4543,-0.3271999999999977,53636.0,1973.8025,2357.0,1.194141764436918,9.9031,0.0,0.48770000000000024,21.8074,34.8748
37025040703,Cabarrus County,Car Town / Settlers Ridge / North Concord,23.0751,23.3138,0.23870000000000147,39643.0,1790.4542,2989.0,1.6694088014091621,12.2118,2.5375999999999976,1.6633000000000067,36.3667,24.7616
37025040704,Cabarrus County,Car Town area,34.2924,38.0369,3.744500000000002,59000.0,2533.9291,4053.0,1.5994922667725786,12.744,0.20529999999999404,0.5452000000000012,26.4495,16.3714
37025040705,Cabarrus County,Jackson Park area,37.2065,39.3854,2.1788999999999987,74139.0,2783.0809,4691.0,1.685542091140793,9.3087,0.20989999999999043,0.4208999999999996,42.5709,11.7459
37025040800,Cabarrus County,Car Town / Jackson Park,27.6905,28.3592,0.6687000000000012,51290.0,2571.6956,3814.0,1.483068213827484,2.2455,0.0,0.2535000000000025,30.388,14.9712
37025040900,Cabarrus County,Settlers Ridge / North Concord / Car Town,36.8125,31.8541,-4.958400000000001,59180.0,1721.2219,2027.0,1.1776517600664969,14.7511,0.0,1.0468999999999973,20.8683,9.1761
37025041001,Cabarrus County,Settlers Ridge / Car Town / Kellswater Bridge,34.9976,34.0666,-0.9309999999999974,71298.0,1225.7853,2382.0,1.9432440575033818,1.9886,0.0,0.346700000000002,15.869,6.4232
37025041002,Cabarrus County,Car Town area,21.1157,23.7482,2.6325000000000003,49485.0,2730.2466,3518.0,1.2885282963084728,24.1356,0.0,0.19060000000000343,32.6038,17.2621
37025041100,Cabarrus County,Settlers Ridge / North Concord / Kellswater Bridge,35.1195,36.6934,1.5738999999999947,79712.0,1793.8366,6953.0,3.8760498029753654,14.7372,0.026899999999997704,0.4245999999999981,16.4246,5.7539
37025041201,Cabarrus County,Kellswater Bridge area,39.8909,38.9315,-0.9594000000000023,53775.0,299.8728,2931.0,9.774144237156555,4.3202,0.923099999999998,3.0572000000000017,17.4684,15.5578
37025041202,Cabarrus County,Kellswater Bridge area,38.6634,35.8811,-2.7822999999999993,90887.0,824.4529,7496.0,9.092090039346093,60.2255,4.7517,4.076500000000003,18.5966,6.4982
37025041301,Cabarrus County,Moss Creek / Hopewell,42.0214,41.0083,-1.0131000000000014,133876.0,585.5497,8436.0,14.406975189296483,41.3743,2.0669000000000004,2.5455000000000005,8.8193,1.5528
37025041304,Cabarrus County,Moss Creek area,34.5182,31.6671,-2.851099999999999,134567.0,3872.6502,8393.0,2.1672497040915286,39.2149,7.857600000000005,2.2509000000000015,11.4143,6.422
37025041305,Cabarrus County,Cox Mill / Moss Creek,33.3936,31.0795,-2.3141,123661.0,446.9881,2599.0,5.814472465821797,29.6524,4.8176999999999985,5.218099999999996,7.6953,4.3478
37025041306,Cabarrus County,Cox Mill / Concord Mills,30.3636,27.1698,-3.193800000000003,118846.0,937.315,5683.0,6.063063111120594,58.7421,16.4765,3.655299999999997,19.3912,3.8318
37025041307,Cabarrus County,Cox Mill area,32.3712,37.2184,4.847200000000001,188052.0,4281.0678,8204.0,1.9163443288611315,24.0487,2.2648999999999972,2.203400000000002,16.8333,1.3774
37025041503,Cabarrus County,Camellia Gardens / West Concord,52.2567,52.0097,-0.2469999999999999,112572.0,767.1909,6356.0,8.284769801101655,53.758,2.5919999999999987,2.016000000000002,29.7671,1.7149
37025041504,Cabarrus County,Camellia Gardens / Downtown,32.7124,33.4839,0.7714999999999961,143527.0,696.8996,4202.0,6.029562938477795,2.9903,1.1918000000000006,0.43419999999999703,10.2332,3.2366
37025041505,Cabarrus County,Camellia Gardens area,30.5481,33.3811,2.833000000000002,151343.0,1750.1871,8140.0,4.650931320428541,40.1263,6.473399999999998,1.6051999999999964,10.3808,3.1431
37025041506,Cabarrus County,Camellia Gardens / Reedy Creek,49.3731,45.2392,-4.133900000000004,130000.0,996.344,6012.0,6.034060525280425,36.3902,8.3401,4.922699999999999,23.6693,9.0939
37025041507,Cabarrus County,Camellia Gardens area,42.3016,41.564,-0.7376000000000005,153000.0,540.1526,4480.0,8.293952486760222,36.0052,2.546099999999999,2.006899999999998,0.0,6.32
37025041602,Cabarrus County,Cabarrus County,43.5389,42.0265,-1.5123999999999995,73977.0,196.7245,4383.0,22.2798888801344,15.3165,0.12110000000000021,0.7682000000000002,4.7228,16.199
37025041603,Cabarrus County,Bethel Glen / Saddlebrook,39.7353,37.8004,-1.934899999999999,89114.0,230.4931,5325.0,23.102643853547026,43.4828,1.1417000000000002,1.9079999999999977,12.2441,5.7465
37025041604,Cabarrus County,Tucker Chase / Bethel Glen,51.3786,49.524,-1.8545999999999978,122019.0,140.345,4593.0,32.72649542199579,16.3759,2.0261999999999993,3.6205,1.7636,6.3032
37025041701,Cabarrus County,Cabarrus County,35.335,37.7928,2.457799999999999,80515.0,136.7969,3857.0,28.19508336811726,8.2499,0.2981000000000016,0.7476999999999983,12.5745,4.8243
37025041702,Cabarrus County,Cabarrus County,39.0959,38.9398,-0.15610000000000213,78333.0,78.8282,3139.0,39.820774798866395,15.1248,0.14859999999999918,0.49709999999999965,1.3699,14.2402
37025041901,Cabarrus County,West Concord / North Concord,31.1065,32.9339,1.8274000000000008,43824.0,1905.4892,2959.0,1.5528820630418687,23.6735,0.46869999999999834,0.5692000000000021,29.0301,28.2866
37025041902,Cabarrus County,West Concord / North Concord,22.8786,24.0752,1.1966,58005.0,3256.2274,3660.0,1.1240001235785928,3.6943,0.0,0.28990000000000293,19.2623,15.4742
37025042000,Cabarrus County,West Concord area,32.0359,32.9712,0.9353000000000051,66675.0,1025.5039,6642.0,6.47681593409835,17.97,3.0516000000000005,1.4729000000000028,12.9931,12.3
37025042101,Cabarrus County,West Concord area,31.2334,33.9685,2.735099999999999,46742.0,2904.0316,4113.0,1.416306902445552,4.4907,0.0,0.22579999999999956,42.5237,13.1102
37025042102,Cabarrus County,West Concord area,33.373,37.1046,3.7316000000000003,53682.0,2586.3476,3803.0,1.4704133350057045,7.378,0.0,0.6636999999999986,13.7523,14.8276
37025042201,Cabarrus County,West Concord area,39.6078,40.7553,1.1475000000000009,76591.0,1361.5325,3021.0,2.2188232745086878,7.4534,0.830299999999994,0.5080999999999989,21.8471,10.9235
37025042202,Cabarrus County,West Concord area,51.0112,49.6716,-1.3396000000000043,95714.0,1474.1313,4433.0,3.007194813650589,18.3824,1.2683999999999997,0.7544000000000004,12.3167,3.8394
37025042300,Cabarrus County,West Concord / North Concord,40.6099,41.5502,0.9402999999999935,58554.0,2015.8387,4246.0,2.106319320092426,6.2242,0.01649999999999352,0.12709999999999866,12.2704,8.1505
37025042401,Cabarrus County,North Concord area,39.9053,40.9065,1.0012000000000043,135090.0,1030.5001,4469.0,4.336729322005889,2.1451,0.5827999999999989,1.1007999999999996,20.094,3.328
37025042402,Cabarrus County,North Concord area,35.316,36.4944,1.1783999999999963,39296.0,2895.2128,5895.0,2.036119762941087,5.8844,1.5277999999999992,1.7398999999999987,36.6243,16.9129
37025042501,Cabarrus County,North Concord / Kellswater Bridge,36.4406,34.4986,-1.9420000000000002,96780.0,1075.7672,4573.0,4.250919715715445,17.0909,10.398499999999999,4.6982,10.059,8.7946
37025042502,Cabarrus County,North Concord / West Concord,35.0502,32.325,-2.725199999999994,51671.0,2121.7158,2816.0,1.3272277088194375,8.903,0.8648000000000025,1.4463000000000008,19.8864,24.8621
37025042503,Cabarrus County,Riverwalk / North Concord,25.0319,26.224,1.1921,95833.0,2489.6788,5416.0,2.1753810170211514,46.7988,12.122900000000001,5.246000000000002,18.9808,9.4165
37025042504,Cabarrus County,Riverwalk / West Concord,23.9059,25.0101,1.1042000000000023,138500.0,588.4183,1508.0,2.5628026864562163,3.5565,4.285599999999995,1.513499999999997,20.2918,0.3316
37025042601,Cabarrus County,Riverwalk area,28.8781,32.3175,3.4394000000000027,129688.0,1953.419,6550.0,3.3530952652759085,13.2009,3.994799999999998,1.6281999999999996,16.1832,2.2287
37025042602,Cabarrus County,Riverwalk / Concord Mills,22.9864,25.1089,2.1224999999999987,75746.0,893.2263,4565.0,5.110686955813997,24.7216,5.861099999999993,0.3534000000000006,14.6988,1.2486
37025042603,Cabarrus County,Downtown / Riverwalk,22.257,24.0236,1.7665999999999968,90369.0,1142.4507,9831.0,8.605185326596587,23.951,2.9926999999999992,0.9790999999999954,29.2849,3.6575
37025042604,Cabarrus County,Downtown area,40.212,39.6667,-0.5453000000000046,79750.0,1331.2877,4854.0,3.6460939284573874,12.9797,3.741199999999999,1.7085000000000008,10.96,7.8799
37035010101,Catawba County,Oxford Park area,33.6994,33.6969,-0.0024999999999977263,64642.0,219.6121,5967.0,27.17063404065623,5.1201,0.2652000000000001,0.6899000000000015,10.0385,7.5877
37035010102,Catawba County,Oxford Park area,30.6881,31.6406,0.9525000000000006,68750.0,499.6717,4593.0,9.192035490503065,12.0681,0.6672999999999973,0.6814,1.9377,8.4388
37035010201,Catawba County,Oxford Park area,27.2848,29.6124,2.3276000000000003,61641.0,460.3559,4984.0,10.826406265239568,2.0972,0.2621000000000002,0.23179999999999978,2.1669,4.7352
37035010203,Catawba County,Oxford Park / Kool Park MHP,32.0897,33.7575,1.6677999999999997,40922.0,394.157,2962.0,7.514772032464221,4.5424,0.8814999999999991,0.2698999999999998,0.0,15.2937
37035010204,Catawba County,Fairgrove / Kool Park MHP,33.825,36.0352,2.2102000000000004,67417.0,749.0406,5569.0,7.434843985759917,3.4256,0.15379999999999683,0.4650999999999996,2.2625,14.149
37035010301,Catawba County,Kool Park MHP area,34.0772,34.8955,0.8183000000000007,68686.0,787.1338,5150.0,6.5427250106652775,3.6543,0.09440000000000026,0.15889999999999915,1.4369,9.068
37035010302,Catawba County,Lawson's Creek / North Hickory,33.9521,34.9001,0.9480000000000004,80591.0,1316.5693,5879.0,4.465393504162675,6.776,0.22879999999999967,0.372200000000003,3.7932,15.2577
37035010303,Catawba County,Kool Park MHP area,35.2399,35.9281,0.6882000000000019,57856.0,1373.3152,4661.0,3.3939768525098972,7.2457,0.02049999999999841,0.142000000000003,5.6211,19.3562
37035010304,Catawba County,Sweetwater / Fairgrove / Havenwood,36.3019,35.4666,-0.8353000000000037,61250.0,1220.476,4304.0,3.5264929420980007,1.7354,0.0,0.20679999999999765,3.6942,20.2093
37035010402,Catawba County,Viewmont / Sweetwater,22.2046,23.5562,1.3516000000000012,46600.0,3168.9741,5429.0,1.7131727267824626,0.0,0.0,0.3485999999999976,11.4386,18.8876
37035010403,Catawba County,North Hickory / Havenwood / Lawson's Creek,32.3561,35.0274,2.6713000000000022,47365.0,2196.4773,5032.0,2.2909410445534766,15.9671,0.0,1.3821999999999974,9.0223,17.8291
37035010404,Catawba County,Viewmont / Lawson's Creek / Sweetwater,25.381,25.7346,0.35360000000000014,58333.0,3109.9081,2756.0,0.8861998205027345,16.849,0.0,1.068999999999999,21.6255,17.4211
37035010501,Catawba County,Viewmont area,31.2881,33.3303,2.042200000000001,98825.0,1558.4908,3813.0,2.4465976956681423,5.1297,0.0,0.25910000000000366,18.3582,4.0374
37035010502,Catawba County,North Hickory area,36.1128,38.8929,2.7800999999999974,114500.0,1355.8126,3734.0,2.7540679294468866,13.0463,0.02049999999999841,0.32200000000000273,4.1243,4.0975
37035010600,Catawba County,Viewmont area,28.4921,31.1805,2.688399999999998,51718.0,1766.5377,6906.0,3.9093419857385436,2.7571,0.008799999999993702,0.2831999999999937,18.3319,17.6716
37035010700,Catawba County,Viewmont / Meadow Brook Village,20.5967,23.4107,2.814,41680.0,1557.5552,2259.0,1.450349881660695,0.7772,0.0,0.2406999999999968,10.8012,17.0872
37035010900,Catawba County,Viewmont / Sweetwater,27.5778,31.1036,3.5258000000000003,26625.0,1586.8503,3200.0,2.0165733339811576,5.8349,0.0,0.3447000000000031,40.9062,42.6378
37035011000,Catawba County,Sweetwater / Fairgrove / Fairbrook,26.5774,26.9693,0.3918999999999997,46250.0,405.4453,2629.0,6.484228575346663,3.0876,0.5722999999999985,0.6594000000000051,23.8113,23.5152
37035011101,Catawba County,Meadow Brook Village area,44.4897,46.5348,2.045099999999998,55560.0,286.0754,3251.0,11.364136867413276,13.1944,0.1273999999999944,0.28259999999999863,9.1664,15.0723
37035011102,Catawba County,Fairbrook / Meadow Brook Village,39.9759,40.5421,0.5661999999999949,71486.0,655.2597,7815.0,11.926568961894041,4.402,0.29999999999999716,0.35479999999999734,7.0761,14.168
37035011200,Catawba County,Fairgrove area,31.6756,32.8268,1.1511999999999993,66830.0,1117.6095,5604.0,5.014273769147453,4.3642,0.08280000000000598,0.19180000000000064,10.3854,4.4256
37035011300,Catawba County,Catawba County,31.9228,32.9967,1.0738999999999983,49808.0,677.9975,7142.0,10.53396214587812,5.8918,0.6886999999999972,0.4078000000000017,9.0591,18.2582
37035011401,Catawba County,Catawba County,34.1069,34.837,0.7301000000000002,48699.0,282.3714,3673.0,13.007691288848658,4.4643,0.6701000000000015,0.31429999999999936,13.1772,24.3162
37035011402,Catawba County,Catawba County,30.1056,29.9247,-0.18089999999999762,60625.0,233.5588,3951.0,16.916510959980958,5.1415,0.07760000000000034,0.4344000000000001,1.4174,21.6367
37035011501,Catawba County,Catawba County,42.9518,41.9475,-1.0043000000000006,70074.0,164.6589,5708.0,34.66560264886988,14.2428,0.251199999999999,0.5466000000000015,2.1023,10.9337
37035011503,Catawba County,Catawba County,43.6836,40.486,-3.1976000000000013,103204.0,164.5093,3989.0,24.24786926939693,12.1134,0.4438000000000013,2.342699999999997,0.9777,4.9386
37035011505,Catawba County,Catawba County,35.6948,36.1233,0.42849999999999966,97276.0,386.0101,3322.0,8.605992433876729,19.3707,1.5688999999999993,2.216799999999999,3.0102,4.5371
37035011506,Catawba County,Catawba County,39.136,37.267,-1.8689999999999998,97545.0,621.5205,3751.0,6.035199160767827,17.166,0.3099999999999987,0.7772000000000006,0.0,6.6005
37035011601,Catawba County,Catawba County,29.0405,28.7477,-0.2928000000000033,73229.0,283.6636,4730.0,16.674680854364116,13.4264,0.5683000000000007,0.4873000000000012,12.7907,15.7334
37035011602,Catawba County,Catawba County,33.688,34.672,0.9839999999999947,71211.0,272.6655,5362.0,19.665120816531612,7.8844,0.30760000000000076,0.41659999999999897,0.1492,10.8265
37035011701,Catawba County,Fairgrove / Fairbrook,36.5006,36.1961,-0.30449999999999733,72004.0,354.0256,4817.0,13.60636066996285,3.4027,0.6319000000000017,1.1925999999999988,7.8887,8.1407
37035011702,Catawba County,Catawba County,27.1274,27.3612,0.23379999999999868,82331.0,205.8074,7154.0,34.76065486469388,8.6499,0.6763999999999974,1.530899999999999,5.0741,7.1499
37035011801,Catawba County,Meadow Brook Village area,45.3354,49.6639,4.328499999999998,78269.0,339.2513,6059.0,17.85991682272109,1.541,0.09669999999999845,0.46270000000000167,4.0766,2.8887
37035011802,Catawba County,Catawba County,40.3289,40.7809,0.4520000000000053,55230.0,112.368,5896.0,52.47045422184252,4.1617,0.11780000000000079,0.43900000000000006,12.941,9.8008
37045950101,Cleveland County,Cleveland County,47.8362,48.9769,1.1407000000000025,49120.0,66.2571,5373.0,81.09319604993277,8.6675,0.09810000000000052,0.3947000000000003,4.3365,12.3183
37045950102,Cleveland County,Polkville,38.9588,39.6971,0.7383000000000024,43889.0,59.7542,2281.0,38.17304892375766,7.0579,0.11470000000000091,0.28479999999999883,3.9018,28.3896
37045950200,Cleveland County,Cleveland County,30.1384,31.2732,1.1347999999999985,56294.0,112.8844,4057.0,35.93942121320572,3.6329,0.11599999999999966,0.24879999999999924,9.9827,16.6872
37045950301,Cleveland County,Landsdown / Vestavia,31.633,32.6423,1.0092999999999996,61998.0,180.4947,4414.0,24.45501169840444,2.0755,0.1529000000000007,0.4167000000000023,19.6647,12.6189
37045950302,Cleveland County,Landsdown area,34.3617,35.4938,1.1321000000000012,74063.0,282.3873,6241.0,22.100852269206158,9.4194,0.09370000000000189,0.2458999999999989,6.922,8.6992
37045950400,Cleveland County,Kings Mountain,32.5848,31.7329,-0.8519000000000005,49842.0,1146.7798,8154.0,7.110344985148849,2.2584,1.8863999999999947,0.9093000000000018,16.6789,20.0648
37045950500,Cleveland County,Kings Mountain,34.9935,36.1017,1.1082000000000036,29276.0,586.5308,3228.0,5.50354729879488,3.7608,1.5594999999999999,0.7768999999999977,24.3804,29.2882
37045950601,Cleveland County,Landsdown / Light Oak,32.6915,35.2734,2.5819000000000045,65721.0,272.8722,4365.0,15.996499460186856,12.0782,0.9347999999999992,1.158100000000001,15.3036,15.397
37045950603,Cleveland County,Cleveland County,46.333,48.1158,1.7828000000000017,76615.0,158.3555,3106.0,19.614096131804704,9.1549,0.9718999999999998,2.127700000000001,6.085,12.1232
37045950604,Cleveland County,Cleveland County,38.5897,43.145,4.555300000000003,57934.0,281.9972,3430.0,12.163241337148028,2.5984,0.014299999999998647,0.1997,7.4052,33.5569
37045950701,Cleveland County,Landsdown / Light Oak,33.0024,34.1782,1.1757999999999953,52378.0,466.0796,3478.0,7.462244646622594,3.5433,0.02099999999999369,0.32239999999999824,35.5089,20.2415
37045950702,Cleveland County,Country Club Gardens / Hillsdale / Light Oak,32.734,36.4302,3.6961999999999975,64167.0,779.315,4185.0,5.370100665327883,3.8871,1.5959000000000003,0.8769000000000027,12.5209,16.9684
37045950800,Cleveland County,Carriage Run / Conifer,34.4023,35.3573,0.9550000000000054,63676.0,251.8544,4334.0,17.208355303699282,11.3078,0.36089999999999733,0.899799999999999,18.4818,12.7684
37045950900,Cleveland County,Crestmont Heights / Pinehurst Acres,40.9829,44.7074,3.724499999999999,32689.0,930.8223,2999.0,3.221882415150561,2.1546,0.19409999999999883,0.19079999999999586,61.0537,31.7197
37045951000,Cleveland County,Rocky Brook / Valleyhall,36.7368,39.0096,2.2727999999999966,66484.0,1657.2799,3642.0,2.197576884870202,1.4128,0.0,0.028799999999996828,21.9934,10.7133
37045951100,Cleveland County,West Shelby area,34.524,37.2295,2.7055000000000007,35804.0,1594.1537,3053.0,1.9151227387923762,1.5267,0.0,0.15820000000000078,39.6331,31.4127
37045951200,Cleveland County,Westwood Heights / Brittain Village,41.9324,44.0014,2.0689999999999955,44389.0,1105.147,6292.0,5.693360249812921,1.4179,0.45309999999999917,0.23560000000000159,35.0445,16.9898
37045951300,Cleveland County,Conifer / Camden Acres,28.7607,31.143,2.3823000000000008,62488.0,136.8392,2907.0,21.243912563066722,4.1053,2.7959000000000014,3.3931000000000004,19.1262,10.6983
37045951400,Cleveland County,Shady Oak Acres area,27.929,29.1144,1.1854000000000013,60317.0,136.7975,5981.0,43.721559239021175,4.1295,0.5528999999999993,0.9705000000000013,19.5452,15.7687
37045951501,Cleveland County,Cleveland County,38.8528,40.2435,1.3906999999999954,76333.0,265.7492,5519.0,20.76770127624091,12.0192,0.3506,0.585799999999999,13.0096,5.5852
37045951502,Cleveland County,Cleveland County,48.0714,48.2717,0.2003000000000057,68636.0,61.2658,1313.0,21.431206317390778,4.8093,0.2804000000000002,1.0964000000000027,4.5697,10.5103
37045951503,Cleveland County,Camden Acres area,31.9422,32.0643,0.1221000000000032,70377.0,200.2018,2779.0,13.880994076976332,7.9681,0.14750000000000085,0.2923000000000009,10.2195,13.539
37045951601,Cleveland County,Camden Acres / Brittain Village / Washington Heights,42.5207,42.9997,0.4789999999999992,59965.0,196.8912,4483.0,22.768920093940206,5.9457,0.1372,0.4670999999999985,28.0839,18.849
37045951602,Cleveland County,Hillsdale / Washington Heights,39.564,41.5112,1.9472000000000023,48462.0,299.3953,4556.0,15.217339751158418,4.2398,0.5199999999999996,0.5962999999999994,9.8112,22.7868
37071030103,Gaston County,Kendrick Farm area,60.071,61.0758,1.004800000000003,47604.0,165.3657,1285.0,7.770656188072859,4.5669,0.6658999999999988,1.5760000000000005,0.0,19.2218
37071030104,Gaston County,Allison Ferry area,49.8822,46.0564,-3.825800000000001,112330.0,375.2681,2704.0,7.205515203663727,26.8864,4.3115999999999985,3.3271999999999977,0.6657,5.5104
37071030105,Gaston County,Autumn Woods / Dutchman's Ridge / Runnymeade,51.4275,54.8187,3.3911999999999978,74963.0,1525.5886,2980.0,1.9533444337483905,20.5209,1.7554000000000016,1.0768999999999984,14.4631,7.1981
37071030106,Gaston County,Dutchman's Ridge / River Park,46.3234,47.7007,1.3772999999999982,120357.0,360.3143,1179.0,3.272143237168217,44.5055,2.933800000000005,1.5501000000000005,9.9237,1.3571
37071030205,Gaston County,Highgrove area,49.7816,51.6999,1.9183000000000021,65678.0,516.7252,3987.0,7.715900056741959,8.2175,0.5478000000000023,0.5898000000000003,3.2355,6.7001
37071030206,Gaston County,Kendrick Farm / Arbordale,60.0178,61.4739,1.4560999999999993,97625.0,648.1184,2427.0,3.744686156109748,19.6879,0.2788000000000004,0.7007999999999974,27.7297,7.499
37071030207,Gaston County,Arbordale / Harper Landing,63.003,60.0646,-2.9384000000000015,60764.0,230.0494,1320.0,5.737898034074421,17.8832,1.8087999999999997,0.954699999999999,4.6212,10.6383
37071030208,Gaston County,Harper Landing / Arbordale,60.6046,57.9659,-2.6387,118125.0,161.6383,571.0,3.532578602967243,9.1286,0.029399999999998983,0.2964000000000002,2.627,0.0
37071030209,Gaston County,Harper Landing area,50.755,51.1574,0.4024000000000001,71306.0,310.6498,1796.0,5.781429764319822,7.6549,0.31289999999999907,0.3058999999999976,3.118,4.6591
37071030301,Gaston County,The Boardwalk / College Park,43.4552,43.1939,-0.26129999999999853,71594.0,201.9255,2597.0,12.861178999185343,4.3243,1.2383000000000006,1.017900000000001,2.2333,13.968
37071030302,Gaston County,The Boardwalk / Highgrove,45.4155,47.788,2.372499999999995,57963.0,242.2862,2364.0,9.757055911562441,8.1104,0.7688000000000024,0.4771000000000001,13.4095,15.3553
37071030401,Gaston County,College Park / Eden Glen,46.2774,47.3964,1.1189999999999998,70769.0,286.851,4119.0,14.35937124151563,5.9197,0.6164999999999985,0.4082999999999988,0.0,6.873
37071030403,Gaston County,Ashley Park area,40.6013,40.0269,-0.5744000000000042,80789.0,352.5381,2473.0,7.01484463665062,2.6901,0.26670000000000016,0.17849999999999966,0.5257,3.8819
37071030404,Gaston County,Eden Glen area,34.7174,34.3031,-0.4142999999999972,73625.0,403.0442,2543.0,6.30948168960129,22.4891,2.5589000000000013,1.8515000000000015,15.2969,11.0177
37071030501,Gaston County,Gaston County,34.003,34.2858,0.2828000000000017,69924.0,188.0954,2753.0,14.636189933406133,6.6601,0.2721,0.32010000000000005,3.9956,11.3496
37071030503,Gaston County,Ashley Park area,34.3362,33.0299,-1.3063000000000002,43819.0,212.1915,2049.0,9.656371720827648,7.8292,0.2995000000000001,0.11850000000000094,1.5617,18.9749
37071030504,Gaston County,Ashley Park area,32.247,33.0681,0.8211000000000013,55417.0,126.125,1339.0,10.616451932606541,8.7694,0.33610000000000007,-0.10410000000000252,0.9709,3.8088
37071030601,Gaston County,Gaston County,34.3646,33.9661,-0.3985000000000056,54688.0,328.6453,2556.0,7.77738187644856,0.58,0.15090000000000003,0.14280000000000115,3.4038,5.6493
37071030602,Gaston County,Gaston County,31.7654,33.2988,1.5334000000000003,34286.0,349.6294,2620.0,7.493648989472854,11.6513,0.22419999999999973,0.20670000000000144,2.9008,25.988
37071030700,Gaston County,Gaston County,38.4105,39.8285,1.4179999999999993,72500.0,542.5649,3314.0,6.108025049169234,5.8546,0.27199999999999847,0.41359999999999886,6.3971,12.3267
37071030801,Gaston County,Ashley Park area,39.768,41.0664,1.2984000000000009,60221.0,258.5215,1674.0,6.475283487060071,2.5435,0.19150000000000134,0.1708999999999996,2.9869,12.4175
37071030802,Gaston County,Ashley Park / Ashley Place,42.0385,42.4671,0.428600000000003,43910.0,634.4951,4023.0,6.340474496966171,5.3998,0.4421999999999997,0.27390000000000114,13.1245,13.1742
37071030901,Gaston County,The Boardwalk area,37.6269,39.6203,1.9934000000000012,53477.0,1590.459,2802.0,1.7617555686754578,13.2188,0.019700000000000273,0.4557000000000002,16.0243,14.5967
37071030902,Gaston County,The Boardwalk area,42.4437,42.7242,0.2805000000000035,55898.0,1566.5243,5079.0,3.242209520784325,27.0608,1.0585999999999984,2.1701000000000015,38.8659,6.8925
37071031001,Gaston County,Country Village / Highgrove,61.0654,61.8933,0.8279000000000067,30500.0,547.1192,2889.0,5.280384969125558,1.4832,0.392199999999999,-0.03300000000000125,4.4306,14.6417
37071031004,Gaston County,Dixon Village / Windy Hill,41.5383,40.9074,-0.6308999999999969,42283.0,1429.8867,3219.0,2.2512273175210313,12.7004,1.806600000000003,0.8796999999999997,16.7133,17.3656
37071031005,Gaston County,Springs Creek / Deerfield,46.8717,48.1185,1.2468000000000004,80000.0,995.2359,2758.0,2.7712022848050397,15.2632,2.2179,0.6204000000000001,7.3967,13.0695
37071031006,Gaston County,Westland Farm / Kelly's Landing,40.9393,45.0265,4.087199999999996,94573.0,754.8226,1669.0,2.2111155654321957,15.864,1.4612000000000052,0.7241,3.2954,3.5736
37071031101,Gaston County,Mooreland Oaks area,56.2281,54.3461,-1.881999999999998,67315.0,918.3663,3075.0,3.348337150437685,8.2017,0.9512,0.10740000000000194,22.2439,15.7724
37071031102,Gaston County,Downtown / Riverfront Homes & Marina,29.8856,29.5479,-0.33770000000000167,55068.0,1615.1613,2160.0,1.337327733149624,6.6863,0.0,1.0105000000000004,19.537,9.1667
37071031202,Gaston County,Linford Park / Riverfront Homes & Marina,44.5233,42.9301,-1.593199999999996,41492.0,1077.071,2335.0,2.1679165068969457,9.1489,0.03200000000000358,0.735599999999998,12.591,19.6501
37071031203,Gaston County,Riverfront Homes & Marina area,41.7405,36.1456,-5.5948999999999955,100637.0,2107.4213,1870.0,0.8873403718563535,24.2741,2.1081999999999965,1.9257999999999988,9.1444,7.4332
37071031204,Gaston County,Riverfront Homes & Marina / Rhyne's Estate,40.5813,41.9032,1.3218999999999994,73370.0,1638.045,1529.0,0.93342978977989,4.0047,0.3013000000000119,0.9048999999999978,2.5507,11.963
37071031301,Gaston County,Westside area,57.1565,58.2923,1.1357999999999961,72472.0,1028.3303,4538.0,4.412978981558746,25.1548,1.6364000000000019,0.3871000000000002,35.6985,5.1565
37071031303,Gaston County,Westside area,38.2355,24.684,-13.5515,51338.0,884.6274,1890.0,2.136492719985838,9.4053,5.1721,1.8903000000000034,28.1481,21.0053
37071031304,Gaston County,Westside / Country Village,47.793,48.9012,1.1082000000000036,47026.0,1257.8862,3002.0,2.3865433931940743,1.476,1.774799999999999,0.15179999999999794,11.2592,21.1193
37071031401,Gaston County,Downtown Gastonia Historic District area,47.1098,48.1243,1.0144999999999982,59583.0,1585.3486,2942.0,1.8557432731198678,4.6784,1.8421999999999912,0.8244000000000007,27.7702,16.6841
37071031402,Gaston County,Westside / Downtown Gastonia Historic District,43.7552,46.5731,2.8178999999999945,65458.0,1305.5917,2139.0,1.638337621172071,0.7254,0.0,0.07959999999999923,9.3969,14.3058
37071031500,Gaston County,Loray Mill Historic District / Eden Glen,38.0807,37.5685,-0.5122,29254.0,864.8145,4081.0,4.718931054000598,7.5188,2.550699999999999,1.243000000000002,31.9775,37.4173
37071031600,Gaston County,Ashley Place / Ashley Park,41.8567,43.7269,1.870200000000004,47190.0,430.5631,3781.0,8.781523544400343,8.5502,0.9178999999999959,1.6912999999999982,16.0011,22.5337
37071031703,Gaston County,Ashley Place / South Gastonia,54.4512,55.9915,1.540300000000002,65489.0,634.1311,3386.0,5.339589873450459,7.657,0.3615999999999957,0.6745999999999981,41.9669,13.5854
37071031704,Gaston County,South Gastonia / Ashley Place,63.0675,65.6337,2.566200000000002,75745.0,504.3624,4224.0,8.374930407183406,0.0,0.09920000000000329,0.09909999999999997,11.0559,20.0528
37071031705,Gaston County,South Gastonia area,58.6246,59.3344,0.7098000000000013,76042.0,163.072,1945.0,11.927246860282574,2.9484,0.11439999999999984,0.18290000000000006,4.1645,9.3573
37071031706,Gaston County,Ashley Place / South Gastonia,66.1868,67.2491,1.0622999999999934,40625.0,142.1932,1368.0,9.620713226792843,6.25,0.12950000000000017,0.44590000000000174,9.2105,25.4074
37071031800,Gaston County,Loray Mill Historic District / Ashley Place,37.8731,38.9008,1.0276999999999958,43623.0,1834.0057,4299.0,2.3440494214385486,2.5123,0.0,0.12280000000000157,62.1307,19.0656
37071031901,Gaston County,Downtown Gastonia Historic District / FUSE / Loray Mill Historic District,5.132,5.5712,0.4392000000000005,39135.0,791.9239,433.0,0.5467697085540669,0.0,0.0,0.028799999999989723,29.5612,20.5811
37071031902,Gaston County,FUSE area,32.4155,35.1768,2.7612999999999985,37838.0,2954.9898,2296.0,0.7769908376671892,2.551,0.0,0.11289999999999623,68.6411,36.9705
37071032000,Gaston County,Downtown Gastonia Historic District area,24.9754,26.7866,1.8111999999999995,46506.0,1951.0559,3213.0,1.646800586287661,24.289,0.021100000000004115,0.6507000000000005,49.7043,12.8035
37071032100,Gaston County,Downtown Gastonia Historic District / Westside,20.5012,23.2732,2.7719999999999985,36211.0,1488.1206,2584.0,1.736418405873825,10.0457,0.01999999999999602,0.7993000000000023,31.1533,21.3687
37071032201,Gaston County,Lakewood / Westside,39.6661,42.466,2.799900000000001,53811.0,1333.8214,2595.0,1.9455378358751778,18.6344,0.43789999999999907,1.0531000000000006,12.6397,9.7114
37071032202,Gaston County,Lakewood area,36.839,40.1153,3.276299999999999,69139.0,2102.4935,1844.0,0.8770538410701388,0.5139,0.03660000000000707,0.28270000000000195,5.3145,6.3492
37071032301,Gaston County,Lakewood area,44.159,43.4379,-0.7210999999999999,75802.0,1423.9398,3669.0,2.5766538725864674,42.9395,3.095800000000011,2.548000000000002,8.9943,7.1155
37071032302,Gaston County,Riverfront Homes & Marina area,29.345,29.3237,-0.021300000000000097,49886.0,1461.6867,3170.0,2.1687274023906764,13.8852,0.05649999999999977,0.6745999999999981,6.9085,25.8355
37071032403,Gaston County,Lakewood area,57.4764,45.619,-11.857399999999998,85966.0,1236.4841,3022.0,2.4440265750283405,19.544,2.712600000000002,2.217200000000002,2.5811,21.3435
37071032404,Gaston County,Lakewood / Riverfront Homes & Marina,43.8732,41.2256,-2.647599999999997,102604.0,2475.3645,3457.0,1.3965620012729438,34.6566,4.180700000000002,4.590299999999999,5.5829,4.9465
37071032405,Gaston County,Lakewood area,58.7313,56.1282,-2.6030999999999977,133185.0,764.1369,3107.0,4.066025341794121,18.4339,1.4091999999999985,2.463099999999997,5.2784,0.9656
37071032406,Gaston County,Chapel Cove / The Sanctuary,33.3103,31.4072,-1.9030999999999985,116060.0,581.414,2670.0,4.592252680534009,35.0823,2.963199999999997,2.4293999999999976,0.2996,2.5094
37071032505,Gaston County,Westside / Downtown Gastonia Historic District,37.9911,37.4722,-0.5189000000000021,64630.0,3849.5155,3908.0,1.0151926911321698,28.1853,0.06860000000000355,0.5653000000000006,37.2825,16.1208
37071032506,Gaston County,Westside area,45.3279,48.5436,3.2156999999999982,65991.0,2613.6976,3931.0,1.5039995445532797,7.1547,0.9457000000000022,0.43130000000000024,26.1002,16.0519
37071032507,Gaston County,Westside / Lakewood,40.9367,41.2244,0.28770000000000095,104891.0,1809.5277,4250.0,2.3486791608661197,21.7139,5.134699999999995,1.8299999999999983,20.7765,1.038
37071032508,Gaston County,Lakewood area,50.9759,48.1521,-2.8238000000000056,102216.0,865.1477,2764.0,3.1948302006697817,20.0483,1.3235000000000028,1.2202999999999982,15.3763,4.5471
37071032509,Gaston County,Lakewood area,46.2563,45.8133,-0.44300000000000495,126350.0,1340.7133,2935.0,2.189133202452754,20.0743,2.3130999999999986,1.7225000000000001,6.6099,3.4943
37071032510,Gaston County,The Sanctuary / Lakewood,48.7765,45.6185,-3.1580000000000013,122955.0,514.5224,2659.0,5.1678993956336985,44.5848,6.0258,5.793599999999998,6.7695,2.1437
37071032600,Gaston County,Westside area,36.3733,37.2006,0.827300000000001,95688.0,1775.8267,3851.0,2.1685674621290465,6.2573,0.7710000000000008,1.0534999999999997,15.9439,5.3146
37071032702,Gaston County,Downtown Gastonia Historic District / South Gastonia,38.6194,40.5398,1.9204000000000008,66379.0,1927.5854,2229.0,1.1563689992671662,9.672,1.6170999999999935,1.7250000000000014,25.572,11.9785
37071032703,Gaston County,Downtown Gastonia Historic District area,29.5583,31.4331,1.8748000000000005,53333.0,2387.5802,2377.0,0.9955686514739903,0.7227,0.0,0.21949999999999648,24.7371,18.6747
37071032704,Gaston County,Downtown Gastonia Historic District area,36.6133,40.2686,3.655299999999997,56689.0,2795.8815,3985.0,1.425310765137936,2.8204,0.0,0.10060000000000002,34.7051,16.252
37071032801,Gaston County,Downtown Gastonia Historic District / FUSE,22.2075,25.0831,2.875600000000002,39543.0,2699.7761,2509.0,0.9293363253345343,7.8764,0.0,0.2576999999999998,22.1204,17.1359
37071032802,Gaston County,South Gastonia / Downtown Gastonia Historic District,33.487,34.7776,1.2905999999999977,32656.0,2038.6249,3449.0,1.6918266817990892,2.1176,0.6150999999999982,0.8581000000000003,21.2815,15.734
37071032900,Gaston County,Loray Mill Historic District / FUSE,31.6905,35.302,3.6114999999999995,56719.0,3393.7471,3691.0,1.0875884063370544,5.5915,0.0,0.17980000000000018,35.8169,23.7605
37071033100,Gaston County,Loray Mill Historic District / South Gastonia,38.268,43.2198,4.951799999999999,46981.0,1607.3686,3434.0,2.1364110260708093,20.9358,0.0,0.7137999999999991,39.604,13.5973
37071033202,Gaston County,South Gastonia area,31.1061,34.3884,3.2822999999999958,89271.0,752.8447,2251.0,2.9899924911472446,17.2487,0.33729999999999905,0.8019999999999996,21.0129,5.9973
37071033203,Gaston County,South Gastonia / Loray Mill Historic District,38.1124,41.4457,3.3333000000000013,57740.0,2705.2802,2763.0,1.0213359784321048,0.6567,0.0,0.6219000000000001,26.0224,20.8479
37071033204,Gaston County,South Gastonia area,48.2062,45.2987,-2.907500000000006,34375.0,1254.6239,2837.0,2.2612354188374697,1.0791,0.0,0.3163000000000018,33.9443,28.6749
37071033303,Gaston County,Westside / Downtown Gastonia Historic District,44.5041,47.4581,2.9540000000000006,115529.0,1682.5245,3651.0,2.169953543024188,9.6237,4.831299999999992,2.0386999999999986,7.8061,1.4278
37071033306,Gaston County,South Gastonia / The Sanctuary,46.308,47.542,1.2340000000000018,85804.0,221.0568,1433.0,6.482496806250701,7.4957,0.1607000000000003,0.5368999999999993,0.7676,8.1647
37071033308,Gaston County,The Sanctuary / Lakewood,54.4392,52.8643,-1.5748999999999995,71641.0,285.9525,1502.0,5.252620627551779,3.4591,0.24059999999999881,-0.004999999999999005,11.3848,5.2597
37071033309,Gaston County,South Gastonia area,42.0518,43.8739,1.822099999999999,84896.0,597.7271,1824.0,3.051559817180784,1.845,0.22790000000000177,-0.06380000000000052,9.5943,3.3443
37071033310,Gaston County,South Gastonia area,54.169,49.8844,-4.2845999999999975,84940.0,990.1823,2497.0,2.521757862163361,4.1065,0.013700000000000045,0.07789999999999964,14.9379,18.7024
37071033311,Gaston County,Lakewood area,58.4296,55.1094,-3.3202,89688.0,228.615,879.0,3.844892067449642,7.3034,0.9939999999999998,1.7575000000000003,0.0,10.4664
37071033312,Gaston County,South Gastonia / Westside,38.6349,43.2758,4.640899999999995,111525.0,1686.496,4043.0,2.39727814355919,16.7728,2.235599999999998,1.2530999999999999,16.5224,2.0282
37071033313,Gaston County,South Gastonia / Westside,30.6118,32.5134,1.9015999999999984,133723.0,1413.1967,2084.0,1.4746708649970666,23.2617,2.451900000000009,1.4299,18.4261,1.6835
37071033400,Gaston County,South Gastonia area,50.9503,52.4866,1.5363000000000042,37185.0,502.0833,3000.0,5.975104131127245,5.9841,0.29290000000000305,0.33640000000000114,7.3,25.5102
37071033501,Gaston County,Highgrove area,51.8042,53.7887,1.984499999999997,53895.0,704.8678,2764.0,3.921302689667481,3.1167,0.19380000000000308,0.15809999999999924,11.8669,15.0868
37071033502,Gaston County,Highgrove / Kelly's Landing,51.0485,53.1971,2.148600000000002,97401.0,477.941,2272.0,4.753724832144553,18.1347,0.2680000000000007,0.40179999999999794,0.9683,6.2109
37097060100,Iredell County,Cloverdale area,37.9305,36.746,-1.1844999999999999,42386.0,2172.8616,5939.0,2.733261980422499,4.6837,0.5575000000000045,1.2256,10.4058,21.3534
37097060200,Iredell County,Washington Heights / Cloverdale,43.31,45.8165,2.5064999999999955,43750.0,838.8194,2081.0,2.480867752939429,1.4837,0.0,0.1423000000000023,59.2984,27.7751
37097060300,Iredell County,Washington Heights area,41.4291,42.3963,0.9671999999999983,46366.0,1060.0219,2720.0,2.565984721636412,4.9069,0.013500000000000512,0.13390000000000413,44.0074,20.3016
37097060400,Iredell County,Cloverdale / Washington Heights,23.6087,25.03,1.4213000000000022,48146.0,961.4705,4631.0,4.81658043590521,1.9619,0.2453000000000003,0.5701999999999998,34.3338,21.6368
37097060500,Iredell County,Cloverdale area,35.2513,35.3178,0.06649999999999778,69556.0,2567.5881,4557.0,1.7748173860129668,2.2581,0.0,0.15830000000000055,24.9726,11.7278
37097060601,Iredell County,Broadview area,38.9607,39.4593,0.49859999999999616,52366.0,1404.9334,5877.0,4.18311643811728,5.7332,0.041399999999995885,0.7225000000000001,23.5494,11.225
37097060602,Iredell County,Broadview area,41.5212,38.0529,-3.4682999999999993,80845.0,615.6475,1939.0,3.1495295603409414,8.1149,0.02179999999999893,0.28410000000000046,2.1145,7.1171
37097060603,Iredell County,Broadview area,30.9023,32.2767,1.3743999999999978,70518.0,162.7169,1487.0,9.13857134692217,3.1792,0.9271000000000029,1.1749999999999972,6.3215,21.5198
37097060701,Iredell County,Broadview area,32.5994,32.9775,0.37809999999999633,46934.0,175.165,3360.0,19.181914195187396,5.0887,0.3160999999999987,1.3794000000000004,22.2024,27.0536
37097060702,Iredell County,Iredell County,40.2034,39.8018,-0.40160000000000196,69955.0,159.6628,4543.0,28.453716206906055,6.8104,0.1980000000000004,0.6670000000000016,10.0374,5.9212
37097060703,Iredell County,Broadview area,30.4231,30.7345,0.311399999999999,76161.0,202.47,2871.0,14.179878500518596,5.2137,0.2876000000000012,1.0586999999999946,18.8436,4.1879
37097060801,Iredell County,Iredell County,36.5339,36.209,-0.3248999999999995,68854.0,70.831,3658.0,51.644054157078116,4.4715,0.11800000000000033,0.47609999999999886,1.2028,9.3355
37097060802,Iredell County,Iredell County,33.2125,32.9435,-0.26899999999999835,71518.0,92.4723,3903.0,42.20723395005856,5.6795,0.1933000000000007,1.0442999999999998,18.6267,19.6259
37097060901,Iredell County,Iredell County,43.5457,43.7031,0.15740000000000265,64637.0,57.631,3505.0,60.81796255487498,10.6852,0.11489999999999956,0.3933,0.3424,8.0742
37097060902,Iredell County,Iredell County,34.7076,35.2938,0.5861999999999981,58231.0,70.6675,3625.0,51.29656489899883,8.5601,0.08349999999999991,0.5350999999999999,8.1931,8.0453
37097061001,Iredell County,Cloverdale / Broadview,38.1373,37.7872,-0.35010000000000474,69855.0,332.3506,4840.0,14.562934443325814,5.05,0.14949999999999974,0.9009,7.0868,9.5661
37097061002,Iredell County,Iredell County,36.7938,36.2722,-0.5215999999999994,80781.0,166.6874,3982.0,23.88902820489131,3.6543,0.12209999999999965,0.4967000000000006,1.1552,8.9905
37097061003,Iredell County,Cloverdale area,26.095,26.6858,0.5908000000000015,57566.0,427.3959,3781.0,8.846598668822045,11.8494,0.3404999999999987,1.0465000000000018,16.054,13.5135
37097061101,Iredell County,Iredell County,30.1295,30.6582,0.5287000000000006,56375.0,148.2027,2882.0,19.44633937168486,14.2071,0.1181000000000001,0.4156999999999975,3.7821,18.4594
37097061102,Iredell County,Iredell County,30.1845,31.1584,0.9739000000000004,62768.0,199.5119,3332.0,16.700758200388048,30.6752,0.25479999999999947,0.5091000000000001,6.1825,10.0512
37097061103,Iredell County,Iredell County,47.996,47.2386,-0.7574000000000041,52675.0,213.5264,3016.0,14.124717130996448,12.3053,0.051899999999999835,0.3005999999999993,7.4934,19.4297
37097061104,Iredell County,Washington Heights area,30.8165,31.5487,0.7321999999999989,54609.0,235.5976,2164.0,9.185152989673918,4.8857,0.27139999999999986,0.6021999999999998,21.7652,10.5778
37097061201,Iredell County,Washington Heights / Norwood Walk,45.529,44.0031,-1.5259,91667.0,394.6792,5013.0,12.70145475109912,45.4681,0.9751000000000012,2.6930000000000014,11.7694,3.1749
37097061202,Iredell County,Aberdeen Village / Norwood Walk,44.9416,38.4398,-6.501800000000003,68750.0,468.2643,5771.0,12.324236547607835,14.221,1.4895999999999994,2.7619000000000007,23.5661,5.4293
37097061203,Iredell County,Aberdeen Village area,43.9712,40.314,-3.657200000000003,94521.0,939.3886,6476.0,6.893845635341966,40.5916,6.321500000000004,4.609099999999998,10.454,2.8292
37097061204,Iredell County,Aberdeen Village area,37.5704,35.5502,-2.0202000000000027,148194.0,833.2055,4513.0,5.416430880497068,28.6842,1.0169999999999995,2.7383000000000024,0.842,2.0607
37097061205,Iredell County,Aberdeen Village / Washington Heights,51.3862,50.7991,-0.5870999999999995,78969.0,217.9981,4105.0,18.830439347865877,14.8449,0.08590000000000053,0.5541,5.5055,2.6921
37097061301,Iredell County,Norwood Walk / Broadview,47.8125,45.5455,-2.267000000000003,53139.0,200.4347,2939.0,14.66312968762395,9.3613,0.15109999999999957,0.6682000000000023,9.5951,13.4978
37097061302,Iredell County,Norwood Walk / Aberdeen Village,33.2772,32.0343,-1.2428999999999988,81466.0,322.2662,5541.0,17.193860231076048,15.9821,1.402800000000001,2.5526000000000018,5.4142,3.5831
37097061303,Iredell County,Mooresville,32.0122,32.0527,0.040500000000001535,108056.0,495.3759,5872.0,11.853624691875401,19.9627,2.9934999999999974,3.1758999999999986,4.7854,4.2064
37097061304,Iredell County,Iredell County,37.342,36.579,-0.7629999999999981,81058.0,746.0253,5732.0,7.683385536656733,13.1697,1.3057999999999979,2.1411000000000016,16.4689,6.0091
37097061401,Iredell County,Iredell County,31.4314,32.3357,0.9043000000000028,191538.0,1219.1733,5600.0,4.593276443964119,21.4692,0.654200000000003,1.8277,0.0,3.3929
37097061402,Iredell County,Iredell County,30.0271,32.2966,2.269499999999997,104906.0,1676.822,7078.0,4.221080114645443,36.0166,1.695299999999996,2.1503000000000014,1.6813,3.7581
37097061403,Iredell County,Mooresville,23.9254,26.9034,2.9780000000000015,70278.0,1629.9464,4406.0,2.7031563737310624,19.5597,0.9406000000000034,2.306199999999997,10.4857,6.8161
37097061404,Iredell County,Iredell County,28.7504,28.1337,-0.616699999999998,78775.0,922.1922,3442.0,3.7324106623326463,37.5615,1.3826999999999998,2.1219,13.5096,4.3159
37097061405,Iredell County,Iredell County,24.5962,25.6053,1.0091,124722.0,1301.2789,3515.0,2.7011888074109245,13.7526,0.06980000000000075,0.6490999999999971,3.3286,1.2233
37097061406,Iredell County,Iredell County,18.9885,19.8205,0.8320000000000007,203750.0,1207.5426,5688.0,4.710392825892851,18.2667,0.46119999999999806,1.8675000000000033,0.0,2.3207
37097061407,Iredell County,Hopewell / Caldwell / Birkdale,33.6648,33.3141,-0.35069999999999624,109337.0,582.3115,4818.0,8.273922119003316,36.8027,1.2413999999999987,2.136800000000001,6.6625,5.9979
37097061408,Iredell County,Iredell County,39.1366,38.8791,-0.2575000000000003,118720.0,472.3891,5356.0,11.33811089205911,31.5526,0.779300000000001,2.1378999999999984,7.4683,4.7493
37097061501,Iredell County,Mooresville,30.4103,32.8164,2.406100000000002,77075.0,2721.6871,5307.0,1.9498935053922988,29.8668,3.7822999999999922,2.102499999999999,6.4255,10.3435
37097061502,Iredell County,Iredell County,33.8077,30.1179,-3.689799999999998,89703.0,725.981,4435.0,6.108975303761393,15.3584,3.304400000000001,2.895199999999999,5.2988,5.2848
37097061503,Iredell County,Mooresville,37.3594,37.4119,0.05250000000000199,84219.0,1633.3996,5093.0,3.118036762100346,14.0192,4.188000000000002,2.0486000000000004,14.7261,12.6286
37097061601,Iredell County,Mooresville,33.8127,36.1061,2.2933999999999983,53152.0,2074.5637,3559.0,1.7155414413160703,4.5076,0.04049999999999443,0.45120000000000005,31.8348,15.5638
37097061603,Iredell County,Mooresville,41.0428,43.7986,2.7558000000000007,84020.0,1721.4651,4902.0,2.847574429478704,21.0829,0.012199999999999989,1.427900000000001,5.5896,8.5679
37097061604,Iredell County,Iredell County,42.653,42.2587,-0.3943000000000012,107983.0,990.2871,1465.0,1.479368962798768,39.6524,8.466399999999997,5.943999999999999,14.1297,16.4505
37097061605,Iredell County,Mooresville,35.4042,35.8692,0.4649999999999963,102770.0,1255.7534,2481.0,1.9757063767456253,27.5893,5.586999999999996,4.0045,1.6123,4.5949
37109070100,Lincoln County,Lincolnton,36.0738,37.7213,1.6475000000000009,38860.0,1651.1702,5183.0,3.1389859143533476,0.0,0.023400000000009413,0.03569999999999851,19.7762,21.363
37109070201,Lincoln County,Lincoln County,30.1708,31.548,1.3771999999999984,52603.0,1167.0061,5454.0,4.673497422164289,15.6116,0.6962000000000046,0.28659999999999997,20.6637,16.9364
37109070202,Lincoln County,Lincoln County,34.7574,36.7859,2.028500000000001,88507.0,661.153,2900.0,4.38627670145942,4.0087,0.20570000000000022,0.43019999999999925,10.5172,7.069
37109070300,Lincoln County,Lincoln County,49.0717,50.7977,1.725999999999999,61042.0,486.593,4034.0,8.290295996859799,7.603,0.2050000000000054,0.11899999999999977,8.9489,5.9164
37109070400,Lincoln County,Lincoln County,34.8848,35.9168,1.0320000000000036,73700.0,306.7713,6005.0,19.574842887845115,8.784,0.14720000000000155,0.3727000000000018,2.2981,14.899
37109070500,Lincoln County,Lincoln County,31.2416,31.7427,0.501100000000001,59358.0,113.4594,5212.0,45.937136984683505,5.5906,0.09800000000000075,0.509500000000001,3.185,15.1765
37109070600,Lincoln County,Lincoln County,30.6101,31.3251,0.7149999999999999,71753.0,133.5485,4427.0,33.14900579190332,2.473,0.0810000000000013,0.30290000000000106,2.1685,11.5663
37109070700,Lincoln County,Lincoln County,28.9398,29.5805,0.6406999999999989,73657.0,122.6928,3508.0,28.591734804324293,11.5254,0.051600000000000534,0.36540000000000106,1.9669,7.5257
37109070800,Lincoln County,Lincoln County,29.9077,30.6578,0.7501000000000033,70585.0,283.6762,6408.0,22.589135077246524,10.4451,0.2804000000000002,0.320800000000002,9.3945,11.829
37109070901,Lincoln County,Lincoln County,40.3885,41.565,1.1764999999999972,81250.0,360.2773,3933.0,10.916591192395412,20.0719,0.16840000000000188,0.5882000000000005,0.5848,7.1447
37109070902,Lincoln County,Lincoln County,51.1694,51.3056,0.1361999999999952,73413.0,221.1198,7234.0,32.71529731846719,20.6563,0.3086000000000002,0.7427000000000028,4.313,4.5195
37109071001,Lincoln County,Lincoln County,44.804,44.9543,0.15030000000000143,74026.0,244.2731,5462.0,22.36021895165698,7.2762,0.3454999999999995,0.21369999999999933,1.7027,3.6434
37109071002,Lincoln County,Lincoln County,55.7579,55.1247,-0.6332000000000022,63698.0,180.1718,3054.0,16.95048836721396,16.6667,1.2304999999999993,4.011099999999999,9.6595,14.3746
37109071101,Lincoln County,Lincoln County,55.0269,51.648,-3.3788999999999945,91471.0,383.3762,7042.0,18.368380718469222,27.157,2.9312000000000005,2.761800000000001,4.0045,6.8941
37109071102,Lincoln County,Villas of Cowans Ford area,45.8845,45.8654,-0.01910000000000167,120227.0,580.1691,7910.0,13.633956031095073,32.6319,3.910700000000002,2.8935999999999993,2.1113,3.3136
37109071201,Lincoln County,Villas of Cowans Ford area,17.2068,17.3337,0.12689999999999912,111875.0,809.9383,1869.0,2.3075831825708204,9.2593,0.035899999999998045,0.9177,0.0,4.3339
37109071202,Lincoln County,Villas of Cowans Ford area,19.1401,19.8658,0.7256999999999998,119667.0,1476.7761,4119.0,2.7891838173708257,31.6149,0.691900000000004,1.8620000000000019,3.1561,2.8495
37109071203,Lincoln County,Lincoln County,30.221,30.3765,0.15549999999999997,146339.0,1206.5482,6605.0,5.474294354755161,36.7185,2.599499999999999,2.847299999999997,0.6813,4.5723
37119000101,Mecklenburg County,Second Ward / Uptown,1.6269,1.8856,0.25869999999999993,106601.0,4955.1801,1249.0,0.25205945592169293,45.3773,0.0,0.8880999999999943,4.8038,13.6109
37119000102,Mecklenburg County,Third Ward / Uptown,1.0614,1.1621,0.10070000000000001,129693.0,13768.1699,2636.0,0.19145609177876283,70.1454,0.0,0.22979999999999734,8.915,7.3976
37119000103,Mecklenburg County,Fourth Ward / Gateway / Uptown,4.4824,4.7071,0.22469999999999946,135533.0,29396.4249,2037.0,0.0692941405946272,25.4733,0.0,0.19190000000000396,17.0349,0.0
37119000104,Mecklenburg County,First Ward / Uptown,2.6186,3.1614,0.5428000000000002,109805.0,8122.5747,1919.0,0.23625513717959404,38.6506,0.0,0.013300000000000978,18.3429,8.2335
37119000301,Mecklenburg County,Midtown / Cherry,10.0677,12.6681,2.6004000000000005,97411.0,14557.0256,1102.0,0.07570227808076396,86.1835,0.0,3.309100000000001,10.5263,6.2613
37119000302,Mecklenburg County,Second Ward / Midtown,9.639,6.3446,-3.2943999999999996,78341.0,5850.2529,1384.0,0.23657096943621017,61.8346,0.0,3.2830000000000013,30.4191,7.948
37119000401,Mecklenburg County,South End / Second Ward,12.5243,10.2454,-2.2789,92500.0,13663.4866,1813.0,0.1326894117933266,50.2496,0.0,0.7595000000000027,10.7557,7.2808
37119000402,Mecklenburg County,South End / Third Ward / Wilmore,4.1831,5.7167,1.5336000000000007,74296.0,5701.2428,2261.0,0.3965801982683495,64.7136,0.0,0.734499999999997,2.3441,7.8726
37119000501,Mecklenburg County,Third Ward / Gateway,13.1172,13.1176,0.00039999999999906777,81696.0,5870.9497,2063.0,0.3513911897422661,50.8094,0.0,1.8344999999999914,24.5759,14.6777
37119000502,Mecklenburg County,Gateway / Fourth Ward,14.247,15.6677,1.4207,90463.0,6041.2264,1569.0,0.2597154776387788,45.9,0.0,0.6713000000000022,6.3098,11.4488
37119000503,Mecklenburg County,Fourth Ward / First Ward,11.6551,12.051,0.39590000000000103,72155.0,8107.9364,1491.0,0.1838938943822993,0.0,0.0,0.26069999999999993,29.108,17.9074
37119000600,Mecklenburg County,First Ward area,7.23,9.6428,2.412799999999999,80341.0,9609.5136,3986.0,0.414797269239517,16.7601,0.0,0.5510000000000019,47.2403,25.2039
37119000700,Mecklenburg County,Optimist Park / NoDa,12.3618,10.4476,-1.914200000000001,88750.0,5083.0376,2493.0,0.4904547627190482,74.447,0.0,1.7197999999999922,38.0666,6.3377
37119000800,Mecklenburg County,Belmont area,23.9839,22.61,-1.373899999999999,61744.0,5740.9222,2987.0,0.5202996828627986,27.0625,0.0,0.4116999999999962,57.6163,19.451
37119000900,Mecklenburg County,Villa Heights area,36.6582,30.6603,-5.997900000000001,99904.0,4215.074,1832.0,0.4346305663910053,33.0294,0.0,0.8081999999999994,30.786,7.6965
37119001000,Mecklenburg County,Plaza Midwood / Villa Heights,40.3528,38.0778,-2.2749999999999986,95417.0,5428.9982,3325.0,0.6124518516141707,44.9784,0.05649999999999977,1.2108999999999952,9.0226,3.3083
37119001100,Mecklenburg County,Chantilly / Plaza Midwood,32.8116,32.1409,-0.6706999999999965,107413.0,4811.6572,3567.0,0.7413246313557001,45.6614,0.0,2.678699999999999,5.4107,5.1304
37119001200,Mecklenburg County,Plaza Shamrock area,42.136,40.7603,-1.375700000000002,81580.0,3093.6709,5014.0,1.6207283069443488,6.0449,0.06410000000001048,1.1094000000000008,20.3829,13.9095
37119001300,Mecklenburg County,Plaza Shamrock area,34.4798,34.6436,0.16380000000000194,61192.0,3890.7652,3920.0,1.007513894696087,7.8947,0.0,0.8630999999999993,27.9082,15.4527
37119001400,Mecklenburg County,NoDa / Plaza Shamrock,28.1826,28.0195,-0.16310000000000002,101645.0,4590.3423,3743.0,0.8154076004310179,24.9342,0.0,1.3369,20.9725,5.9914
37119001504,Mecklenburg County,Plaza Shamrock / Devonshire / Candlewood,43.0276,43.8734,0.845799999999997,52207.0,4460.6787,6061.0,1.3587618404347301,5.14,0.0,0.6156999999999968,53.5555,14.2857
37119001505,Mecklenburg County,Newell area,49.2756,45.5646,-3.7109999999999985,54349.0,2511.66,5081.0,2.022964891744902,30.4033,3.0912000000000006,3.3908999999999985,22.2594,14.505
37119001507,Mecklenburg County,Devonshire / Candlewood,36.6485,37.9834,1.3349000000000046,53383.0,6179.6986,5135.0,0.8309466743248611,4.1069,0.0,0.5256000000000007,43.2717,24.086
37119001508,Mecklenburg County,Devonshire / Embassy East / Hickory Grove,49.7676,51.9992,2.2316000000000003,66027.0,2767.3879,6046.0,2.1847316742260814,4.1979,0.06229999999999336,0.3628999999999998,57.7076,13.0003
37119001509,Mecklenburg County,Fairfax Woods / Newell / Candlewood,34.7509,35.2285,0.47759999999999536,56183.0,2511.5602,3484.0,1.3871855430739826,2.3136,0.024799999999999045,1.5563000000000002,59.5867,15.0644
37119001510,Mecklenburg County,Candlewood area,38.3048,39.0149,0.7100999999999971,53387.0,4903.2959,3472.0,0.7080951406583478,0.4942,0.0,0.19450000000000145,61.6071,19.2108
37119001603,Mecklenburg County,Eastland / Plaza Shamrock,42.8974,44.4504,1.5530000000000044,60196.0,4877.7593,4684.0,0.9602769861973305,8.0948,1.1865999999999985,0.9649999999999999,34.6285,21.5172
37119001605,Mecklenburg County,Plaza Shamrock / Eastland / Echo Hills,45.2617,45.7979,0.5362000000000009,45307.0,4280.5275,1671.0,0.3903724482555012,2.2512,0.0,0.37439999999999785,25.7929,22.4417
37119001606,Mecklenburg County,Eastland area,36.6969,37.4193,0.7224000000000004,76154.0,5683.0183,4308.0,0.7580478845193935,0.8,0.0,0.28580000000000183,18.8254,22.1087
37119001607,Mecklenburg County,Eastland area,36.9417,34.6564,-2.2852999999999994,42625.0,3842.7335,2694.0,0.7010634487143071,0.682,0.04950000000000898,0.8277000000000001,48.4781,22.7377
37119001608,Mecklenburg County,Plaza Shamrock / Devonshire / Eastland,43.2934,44.3493,1.0559000000000012,50357.0,5219.5075,4054.0,0.7767016332479645,4.7672,0.0,0.2369000000000021,40.4292,31.3271
37119001609,Mecklenburg County,Eastland / Hickory Grove,37.5854,38.9692,1.3838000000000008,60189.0,3638.4175,2852.0,0.783857267617034,0.7675,0.43080000000000496,0.9396000000000022,34.2216,15.007
37119001701,Mecklenburg County,Coliseum Drive / Echo Hills,41.6331,39.9478,-1.685299999999998,58237.0,7612.618,4443.0,0.5836362733556314,10.6506,0.0,0.809899999999999,29.2145,35.359
37119001702,Mecklenburg County,Eastland / Oakhurst / Echo Hills,37.3383,38.2278,0.8895000000000053,70212.0,4722.8163,6728.0,1.4245737230982283,8.192,0.0,0.40460000000000207,15.9185,24.7269
37119001801,Mecklenburg County,Coliseum Drive / Echo Hills,27.7086,29.1469,1.4382999999999981,53077.0,1651.3103,1247.0,0.7551578888595317,1.6905,0.0,0.36699999999999733,28.7891,14.9158
37119001802,Mecklenburg County,Oakhurst area,36.2208,31.9358,-4.284999999999997,71343.0,3420.0784,3528.0,1.0315553000188533,14.6381,0.0,2.100200000000001,20.0964,5.5556
37119001910,Mecklenburg County,Idlewild area,36.4525,35.8952,-0.5572999999999979,47868.0,5253.2081,5336.0,1.0157602551477067,2.2016,0.0,0.6722000000000001,35.6072,18.7133
37119001911,Mecklenburg County,Idlewild area,43.8124,47.1135,3.3011000000000053,58594.0,5017.3166,6091.0,1.2139955449492663,1.2448,0.0,0.295499999999997,46.1993,7.4396
37119001914,Mecklenburg County,Rama area,34.1745,34.4997,0.32519999999999527,49279.0,3049.9935,4281.0,1.4036095486760873,8.4873,0.0,0.8305000000000007,27.2366,13.5249
37119001916,Mecklenburg County,Hickory Grove / Idlewild,43.4864,47.4677,3.9812999999999974,46696.0,3222.8699,4485.0,1.3916168319422388,9.4493,0.04919999999999902,0.7688999999999986,50.078,19.621
37119001917,Mecklenburg County,Downtown / Idlewild / Hickory Grove,44.1648,46.7621,2.597299999999997,54839.0,2901.4729,4302.0,1.482695220072536,3.9353,0.023099999999999454,0.3114999999999988,25.4533,33.7982
37119001918,Mecklenburg County,Eastland area,35.8562,37.5828,1.7265999999999977,50833.0,5170.2255,3998.0,0.773273815619841,2.1217,0.0,0.39639999999999986,52.8514,18.5105
37119001919,Mecklenburg County,Eastland / Idlewild / Rama,39.563,40.687,1.1239999999999952,56750.0,4301.5944,3616.0,0.840618539023577,7.6228,0.20539999999999736,0.616500000000002,35.896,14.185
37119001920,Mecklenburg County,Idlewild area,40.8396,42.0217,1.1821000000000055,80547.0,5152.5184,5398.0,1.047643032191792,7.3243,0.0,0.8068000000000026,28.103,19.0078
37119001921,Mecklenburg County,Idlewild area,50.5468,53.1974,2.6506000000000043,65263.0,2627.337,2608.0,0.9926400762445016,0.0,0.0,0.20530000000000115,28.7577,5.4524
37119001922,Mecklenburg County,Hickory Grove area,37.8794,40.0657,2.186300000000003,60114.0,4046.4609,5898.0,1.4575699965369737,4.7543,0.023400000000009413,1.0111999999999988,39.081,12.8518
37119001923,Mecklenburg County,Hickory Grove area,39.7069,41.6804,1.9735000000000014,57643.0,4250.8815,3613.0,0.8499413592216107,0.6358,0.0,0.6145999999999994,46.8586,19.7343
37119001924,Mecklenburg County,Hickory Grove / Eastland,44.7696,46.2446,1.4750000000000014,41954.0,6935.9376,2901.0,0.4182563580156776,0.5634,0.0,0.3866000000000014,23.6125,10.1689
37119001925,Mecklenburg County,Hickory Grove area,39.5935,40.7793,1.1858000000000004,49792.0,5682.9034,4929.0,0.8673383397648462,5.4039,0.0,0.6436000000000028,58.7746,8.0949
37119001926,Mecklenburg County,Rama / Idlewild,39.9214,39.4379,-0.4834999999999994,41722.0,4601.0094,3316.0,0.7207114160644836,0.0,0.0,1.6574999999999989,48.1303,24.0048
37119001927,Mecklenburg County,Idlewild / Rama,30.8489,32.5737,1.7248000000000019,44878.0,6470.9387,2544.0,0.39314234270214926,1.3734,0.0,0.1541999999999959,60.4167,15.2516
37119002004,Mecklenburg County,Mason Oaks / Rama / Providence,47.7009,45.6997,-2.001199999999997,115600.0,2974.7043,5340.0,1.7951364107013932,6.3741,0.36530000000000484,1.6174999999999997,25.1873,7.0787
37119002005,Mecklenburg County,Cotswold area,42.8185,37.6235,-5.195,130304.0,4311.6897,2995.0,0.6946232703155796,21.6718,0.0,1.6768,13.222,2.55
37119002006,Mecklenburg County,Mason Oaks / Rama / Cotswold,52.465,49.6787,-2.786300000000004,143649.0,2569.4307,3988.0,1.5520947889351522,16.0138,0.02240000000000464,1.3925000000000018,3.4353,3.405
37119002007,Mecklenburg County,Rama area,49.0446,52.7418,3.697199999999995,75633.0,2593.0925,2470.0,0.9525306173998805,2.6667,0.1817000000000064,0.21000000000000085,29.4332,25.1019
37119002008,Mecklenburg County,Rama area,58.9654,58.7802,-0.1852000000000018,163672.0,2205.7196,3183.0,1.4430664713683463,4.6062,0.0,0.5855999999999995,2.2934,1.6965
37119002100,Mecklenburg County,Mason Oaks / Oakhurst,43.2278,40.6103,-2.6174999999999997,60858.0,5076.7937,3114.0,0.613379267311965,8.6336,0.0,0.8650999999999982,17.8227,7.0299
37119002201,Mecklenburg County,Cotswold / Grier Heights,42.8621,38.4839,-4.3782,167500.0,3270.976,2680.0,0.8193273200414799,17.1636,0.0,2.5031999999999996,8.8433,4.0962
37119002202,Mecklenburg County,Lionsgate / Cotswold,44.6592,41.1297,-3.5294999999999987,122981.0,3411.5254,2925.0,0.8573877245645013,14.727,0.08039999999999736,2.9110000000000014,16.7521,4.5812
37119002300,Mecklenburg County,Grier Heights / Echo Hills,31.2287,30.8148,-0.41389999999999816,21414.0,4070.1801,3004.0,0.7380508788787995,8.6645,0.0,1.1567000000000007,88.7816,49.3342
37119002400,Mecklenburg County,Rosemont / Crescent Heights,32.3627,28.9635,-3.399199999999997,95618.0,5922.4309,3263.0,0.5509561960444317,38.7245,0.0,1.4698999999999955,3.8308,6.2364
37119002500,Mecklenburg County,Elizabeth area,16.6962,14.9302,-1.7660000000000018,105114.0,4070.9692,2409.0,0.5917509766470354,35.0728,0.0,1.2048000000000059,8.8834,4.5283
37119002600,Mecklenburg County,Cherry / Midtown,23.7205,20.3589,-3.361600000000003,92143.0,5984.0689,1628.0,0.2720556910700009,39.4737,0.0,4.442799999999998,27.887,10.6265
37119002701,Mecklenburg County,Colonial Heights / Myers Park,42.5067,37.9993,-4.507400000000004,246892.0,4617.3314,2979.0,0.6451778618272884,6.2168,0.0,2.8267000000000024,1.9134,0.3144
37119002702,Mecklenburg County,Myers Park / Barclay Downs,44.1589,37.8716,-6.287300000000002,250001.0,4454.8548,5875.0,1.318785968063426,16.1737,0.0,4.7509000000000015,2.0596,1.3448
37119002800,Mecklenburg County,Eastover / Pharr Acres / Briarcliff,46.1328,42.0161,-4.116700000000002,242125.0,3398.0223,3681.0,1.0832771756677406,10.9779,0.0,2.5319000000000003,0.9237,1.6843
37119002903,Mecklenburg County,Foxcroft / SouthPark,42.6664,40.4737,-2.192700000000002,146136.0,2740.4587,4499.0,1.6416959686347399,22.1322,0.021100000000004115,1.9482,8.1351,5.7346
37119002905,Mecklenburg County,Foxcroft area,43.9577,40.1762,-3.781500000000001,190701.0,2457.4807,3425.0,1.3937037226782696,40.4856,0.04989999999999384,2.8061000000000007,1.6934,3.0657
37119002907,Mecklenburg County,Foxcroft / SouthPark,49.444,47.3798,-2.0641999999999996,134250.0,4437.7884,4223.0,0.9516001258644958,37.8027,0.0,1.7573000000000008,6.1094,5.6358
37119002908,Mecklenburg County,Cotswold / Providence / SouthPark,55.2341,56.5083,1.2742000000000004,135875.0,2457.1365,3622.0,1.474073581178742,9.6859,0.11549999999999727,1.512900000000002,7.4544,4.088
37119002909,Mecklenburg County,Barclay Downs / SouthPark,28.3837,27.3541,-1.029600000000002,156250.0,1933.8761,1542.0,0.7973623542893984,44.8081,0.0,0.6246999999999971,2.8534,0.9079
37119002910,Mecklenburg County,Parkdale / Barclay Downs,43.9783,42.0599,-1.9183999999999983,113281.0,4307.1388,3174.0,0.7369161170287802,33.1024,0.0,1.0258000000000003,3.0561,1.6068
37119003006,Mecklenburg County,SouthPark / Beverly Woods / Quail Hollow,52.9953,54.4791,1.4838000000000022,143462.0,3863.5606,4449.0,1.151528463148734,0.969,0.0,0.36519999999999797,4.0234,2.3601
37119003008,Mecklenburg County,Carmel / Quail Hollow,46.9909,47.4241,0.43319999999999936,87472.0,3189.3463,6275.0,1.9674878203097605,0.9318,0.0,0.3904999999999994,3.6016,6.6524
37119003012,Mecklenburg County,Quail Hollow / Carmel,37.1632,37.6783,0.5150999999999968,98938.0,2319.3908,3954.0,1.704757990762057,3.7764,0.0,0.7209000000000003,6.8032,12.3529
37119003013,Mecklenburg County,Providence / Carmel / Quail Hollow,42.6999,42.5527,-0.147199999999998,159958.0,2063.7869,4865.0,2.357317027257029,6.5239,0.20289999999999964,1.3368000000000002,1.6033,1.2127
37119003015,Mecklenburg County,Providence area,54.9074,58.1782,3.270799999999994,140054.0,3085.3146,5557.0,1.801112923784174,3.6579,0.057599999999993656,0.672699999999999,5.1467,5.5095
37119003016,Mecklenburg County,Providence area,41.8266,41.0101,-0.8164999999999978,105318.0,3676.0383,4269.0,1.1613045489759994,3.3908,5.4769000000000005,-0.3219999999999956,15.4369,5.9264
37119003017,Mecklenburg County,Providence area,33.8951,36.9442,3.049100000000003,127375.0,2822.6435,3676.0,1.3023252847906581,14.2315,0.052499999999994884,0.7805999999999997,9.6844,5.2231
37119003018,Mecklenburg County,Providence area,36.2484,39.3291,3.0807,112130.0,3533.4883,2524.0,0.7143082941579288,12.6592,0.0,0.7804000000000002,4.9525,1.6276
37119003019,Mecklenburg County,SouthPark / Quail Hollow,58.732,58.448,-0.2839999999999989,157788.0,2082.0776,2146.0,1.0307012572442065,3.0857,0.0999000000000052,0.751299999999997,8.0615,4.4268
37119003020,Mecklenburg County,Quail Hollow / SouthPark,44.5934,44.7264,0.13299999999999557,242399.0,1752.7424,4270.0,2.4361822935304125,2.561,0.0005999999999914962,0.8611000000000004,2.2014,2.0183
37119003021,Mecklenburg County,Quail Hollow / Beverly Woods,46.5318,46.3967,-0.13509999999999422,172619.0,3479.1329,2805.0,0.8062353697382472,6.8284,0.21529999999999916,1.5744000000000007,3.6364,0.4635
37119003022,Mecklenburg County,Beverly Woods / SouthPark,43.0014,41.4811,-1.5202999999999989,162361.0,3270.0503,3774.0,1.1541106875328493,6.549,0.0,1.522199999999998,2.0403,4.3127
37119003102,Mecklenburg County,Montclaire / Parkdale,42.2106,41.5254,-0.6852000000000018,85365.0,2758.415,4080.0,1.479110286160712,2.0527,0.06990000000000407,3.2013999999999996,8.701,7.6334
37119003105,Mecklenburg County,Huntingtowne Farms area,50.8636,50.2519,-0.611699999999999,126071.0,2790.5643,3654.0,1.3094125801007344,5.1099,0.0,0.9059999999999988,3.3114,6.4437
37119003106,Mecklenburg County,Starmount / Montclaire,36.0737,36.9715,0.8977999999999966,104728.0,5321.3023,4594.0,0.8633224990807231,30.2128,1.599499999999992,1.5516000000000005,15.2373,18.7626
37119003108,Mecklenburg County,Starmount / Huntingtowne Farms,40.7038,40.1015,-0.6022999999999996,48762.0,6625.7493,4025.0,0.6074784628509865,5.5877,0.0,1.5056999999999974,17.1677,19.6186
37119003109,Mecklenburg County,Starmount area,22.0173,25.1522,3.134900000000002,54964.0,14570.287,4264.0,0.29265037812913364,3.9926,0.0,0.102800000000002,17.9409,16.7177
37119003110,Mecklenburg County,Currituck / Madison Park,35.6967,35.8418,0.14509999999999934,108750.0,2744.8854,2196.0,0.8000334003015207,2.2243,0.0,0.41850000000000165,0.0,5.4645
37119003111,Mecklenburg County,Parkdale / Madison Park,40.3363,36.169,-4.1673000000000044,92031.0,5106.23,3802.0,0.7445806397283319,55.546,1.3522999999999996,1.934199999999997,2.4724,21.3572
37119003201,Mecklenburg County,Colonial Village / York Road,27.9706,26.468,-1.502600000000001,79335.0,3363.1166,2494.0,0.7415740506885786,8.5057,0.0,0.44359999999999644,5.854,5.854
37119003203,Mecklenburg County,Colonial Village / Madison Park,54.705,53.967,-0.7379999999999995,52359.0,6845.5506,2978.0,0.4350270962864551,11.3948,0.0,0.6819000000000024,30.6246,10.3761
37119003204,Mecklenburg County,Sedgefield / Colonial Village,37.2787,35.3973,-1.8813999999999993,88391.0,3501.1158,3135.0,0.8954288230055115,15.3281,0.0,2.282999999999994,6.5391,10.4521
37119003301,Mecklenburg County,Sedgefield area,30.5965,23.9422,-6.654299999999999,84107.0,7845.2514,1606.0,0.20470981975160157,79.5211,0.0,4.097799999999999,5.1059,3.1756
37119003302,Mecklenburg County,Sedgefield area,34.9719,29.4682,-5.5036999999999985,113472.0,4594.6397,2594.0,0.5645709281622235,13.2179,0.0,1.1433999999999997,2.7371,6.1295
37119003401,Mecklenburg County,Dilworth / South End / Sedgefield,21.7235,17.0814,-4.642100000000003,141419.0,8157.0118,2235.0,0.27399739693891334,69.5238,0.0,6.365000000000002,0.4027,2.0582
37119003402,Mecklenburg County,Dilworth / Myers Park,36.6133,34.1859,-2.4274000000000058,211667.0,4100.838,3518.0,0.8578734395262627,6.9613,0.0,1.9447000000000045,0.3411,2.1059
37119003500,Mecklenburg County,Dilworth area,32.0122,28.6539,-3.3583,111440.0,4173.1483,2802.0,0.6714355202761426,19.6557,0.0,1.0936000000000021,1.1777,4.9251
37119003600,Mecklenburg County,Wilmore / Glenwood / Revolution Park,29.2655,28.7539,-0.5115999999999978,87571.0,3719.0053,4178.0,1.1234186732672846,37.0917,0.0,0.7704000000000022,26.2087,11.8705
37119003701,Mecklenburg County,Brookhill / South End,2.9583,1.9813,-0.9769999999999999,98333.0,7424.3592,1774.0,0.23894318044310142,50.0,0.0,1.0249999999999915,7.6099,9.0192
37119003702,Mecklenburg County,Brookhill / Clanton Park,18.7171,19.5029,0.7858000000000018,76583.0,3003.0986,2239.0,0.7455632658881064,49.2599,0.0,0.9581999999999979,41.8044,35.6409
37119003802,Mecklenburg County,York Road / Dalton Village,25.7035,24.1358,-1.5676999999999985,46923.0,1457.0296,3771.0,2.5881423411027473,31.6222,0.0,1.1972999999999985,52.7711,14.8747
37119003805,Mecklenburg County,City Park area,37.227,37.6754,0.44840000000000657,82876.0,1255.8366,3973.0,3.1636281344244943,54.3314,2.8530000000000086,1.8218999999999994,20.7903,9.0377
37119003807,Mecklenburg County,Yorkmount Park area,29.8214,29.7061,-0.11530000000000129,46993.0,3427.7177,5200.0,1.51704441704753,8.379,0.0,0.9841000000000051,36.5769,30.1872
37119003808,Mecklenburg County,Starmount / Montclaire / Yorkmount Park,37.1221,40.1487,3.026599999999995,52022.0,9083.1037,6076.0,0.668934342343796,9.5785,0.0,0.48620000000000374,30.3654,19.916
37119003809,Mecklenburg County,Ayrsley / Yorkmount Park,35.3484,37.8942,2.5458,54635.0,4872.5232,3926.0,0.8057427002092058,35.7695,0.0,1.4465000000000003,31.6607,24.7326
37119003810,Mecklenburg County,Yorkmount Park area,50.3536,51.4964,1.1428000000000011,67950.0,3058.1232,4948.0,1.6179858286938864,9.789,0.3645000000000067,1.0452999999999975,25.3234,14.6322
37119003811,Mecklenburg County,Yorkmount Park area,41.4655,39.8044,-1.6610999999999976,66250.0,2713.7259,2273.0,0.8375938041494906,23.5479,0.0,2.1494,48.7462,29.4765
37119003902,Mecklenburg County,Reid Park / Dalton Village,39.0996,37.7479,-1.351700000000001,38010.0,2207.459,5039.0,2.2827151036553794,7.8242,0.5160000000000053,1.904,80.9089,37.2487
37119003903,Mecklenburg County,Reid Park / City Park,40.7863,34.8912,-5.895099999999999,23235.0,1117.7231,2334.0,2.088173716728231,42.7632,4.139100000000013,5.003399999999999,70.5227,49.6572
37119004000,Mecklenburg County,Westerly Hill / Lewis / Ashley Park,24.5669,23.5461,-1.0208000000000013,59682.0,992.4169,3863.0,3.8925173483039233,4.6186,0.21410000000000196,2.0583000000000027,57.2353,15.4225
37119004101,Mecklenburg County,Camp Greene / Glenwood / Wesley Heights,23.6612,21.4663,-2.1949000000000005,66533.0,2252.3208,1744.0,0.7743124336462195,44.6809,0.0,2.990400000000001,39.2202,7.8555
37119004102,Mecklenburg County,Wesley Heights / Seversville,22.9986,19.6392,-3.359400000000001,111483.0,4441.7009,2927.0,0.6589817878101608,18.6347,0.0,1.897599999999997,34.6771,4.1033
37119004200,Mecklenburg County,Enderly Park area,31.6501,33.5464,1.8963,44688.0,2507.9055,2666.0,1.063038459782476,5.7219,0.0,0.22710000000000008,63.6159,12.5656
37119004302,Mecklenburg County,Thomasboro / Hoskins / Chemway,28.6089,31.6356,3.0267000000000017,49722.0,3738.3693,4629.0,1.2382404274505465,4.666,0.0,0.4982000000000042,63.0158,21.2835
37119004303,Mecklenburg County,Lewis / Woodford Green / White Oak Park,46.2664,45.6514,-0.6149999999999949,77418.0,1982.5614,3238.0,1.6332407157730398,20.5224,1.3863999999999947,1.1972000000000023,37.0599,7.6282
37119004304,Mecklenburg County,Todd Park area,32.9776,32.5036,-0.47400000000000375,49017.0,2249.1316,3898.0,1.733113349169964,7.4386,2.311700000000002,1.5168000000000035,66.7009,12.2627
37119004306,Mecklenburg County,Westerly Hill area,23.809,22.4266,-1.3824000000000005,57917.0,5220.4959,3130.0,0.5995599000470434,10.5061,0.9350000000000023,4.473099999999995,65.1118,16.7732
37119004307,Mecklenburg County,Lewis / Thomasboro,44.9597,45.4463,0.4866000000000028,68875.0,3557.8685,4595.0,1.2915036067240822,13.9764,1.6928999999999945,1.0381,69.815,13.7074
37119004400,Mecklenburg County,Firestone / Chateau Woods,21.5133,24.9889,3.4756,46768.0,1282.3817,3826.0,2.9835110716255544,2.1711,0.2703999999999951,0.5521999999999991,65.8913,20.7448
37119004500,Mecklenburg County,Oakview Terrace / Seversville / Enderly Park,29.483,29.1673,-0.31569999999999965,38688.0,2218.9607,3090.0,1.3925438156701018,6.2907,0.0,0.7021000000000015,62.5566,21.2621
37119004600,Mecklenburg County,University Park / Washington Heights,26.8196,29.1997,2.3800999999999988,37025.0,2982.0982,2662.0,0.8926600740378033,5.7839,0.0,1.2378,94.4778,22.928
37119004700,Mecklenburg County,Biddleville area,27.3102,28.1969,0.8867000000000012,71190.0,3778.7281,1643.0,0.4348023876076186,24.6599,0.0,0.49490000000000123,59.5861,20.8758
37119004800,Mecklenburg County,Lincoln Heights / Oaklawn / McCrorey Heights,29.9112,32.3107,2.399499999999996,33725.0,2152.7794,2711.0,1.259302276861252,2.8571,-0.02759999999999252,0.7282000000000011,85.9461,17.5212
37119004900,Mecklenburg County,Greenville area,14.4284,16.6272,2.1987999999999985,44500.0,1674.0809,570.0,0.3404853373573523,0.0,-0.6086000000000098,1.7088999999999999,97.0175,9.9115
37119005000,Mecklenburg County,Greenville / Druid Hills,14.3507,19.5597,5.209,67308.0,7147.8715,2759.0,0.38598903183975813,52.8708,0.0,3.2028999999999996,68.4306,7.2852
37119005100,Mecklenburg County,Druid Hills / Atando Junction,22.7568,23.7039,0.9471000000000025,30536.0,1271.9639,2704.0,2.1258464961151806,14.1328,0.0,1.1920999999999964,81.6198,38.0547
37119005200,Mecklenburg County,Tryon Hills / Lockwood / Optimist Park,13.3374,12.2815,-1.0559000000000012,39688.0,1366.9999,1924.0,1.407461697692882,24.7144,0.0,0.7918000000000021,69.0229,24.1689
37119005301,Mecklenburg County,NoDa / Atando Junction / Virginia Manor,23.2501,21.6035,-1.6465999999999994,50878.0,2054.4136,4561.0,2.2200982314369417,12.5217,0.0,0.940100000000001,49.2217,33.1506
37119005305,Mecklenburg County,Virginia Manor / Hidden Valley / Fairfax Woods,35.7461,35.2337,-0.5123999999999995,45318.0,5349.5269,4681.0,0.87503064990663,4.0459,0.0,0.9571000000000005,59.9658,25.6996
37119005306,Mecklenburg County,Hidden Valley / Fairfax Woods,27.7604,24.3625,-3.3979,41773.0,1836.2932,2396.0,1.3048025228215188,0.0,0.0,1.4339000000000013,40.6511,23.0316
37119005307,Mecklenburg County,Fairfax Woods / Virginia Manor,32.1572,32.1103,-0.04690000000000083,48309.0,9409.4334,4131.0,0.43902749765995475,18.2956,0.004199999999997317,4.213700000000003,54.5873,28.0837
37119005308,Mecklenburg County,Fairfax Woods area,23.6517,25.5543,1.9025999999999996,36727.0,8554.8329,2579.0,0.30146702222553057,4.4131,0.0,0.42949999999999733,37.1462,46.1293
37119005403,Mecklenburg County,Nevin / Wilson Heights,47.8014,48.1249,0.3234999999999957,63283.0,2550.334,6039.0,2.3679251423539034,21.2389,1.9688000000000017,1.8542000000000023,46.5143,14.1934
37119005404,Mecklenburg County,Derita area,35.0223,35.1682,0.14589999999999748,59116.0,2282.251,4729.0,2.0720770852986807,10.3219,0.0,0.9848999999999961,57.454,7.9277
37119005405,Mecklenburg County,Wilson Heights area,33.6344,30.8174,-2.817,58333.0,2152.7735,3428.0,1.5923644545048516,3.1594,2.392700000000005,4.441800000000001,70.07,13.6231
37119005406,Mecklenburg County,Garden Park / Northwood / Firestone,37.3735,39.7247,2.3511999999999986,53775.0,1317.5718,3815.0,2.895477878321318,3.9977,2.9417000000000044,1.8922000000000025,83.4076,12.4769
37119005508,Mecklenburg County,Croft / Joplor,26.7745,27.4752,0.7007000000000012,111543.0,1204.8841,4300.0,3.5688079874238525,0.9944,6.089499999999987,1.7860000000000014,43.0465,2.3871
37119005510,Mecklenburg County,Henderson Manor / Henderson Oaks / Graceshire,40.9241,34.9621,-5.962000000000003,71346.0,2588.1059,7718.0,2.982103630303536,29.1087,2.138300000000001,5.076400000000007,61.2983,16.7142
37119005511,Mecklenburg County,Croft / Mallard,27.9401,28.4404,0.5002999999999993,56716.0,4578.7524,3439.0,0.7510779573929351,8.1264,1.304000000000002,1.8843999999999994,66.8218,5.3173
37119005512,Mecklenburg County,Lynn Lee / Graceshire,44.9895,49.0662,4.076700000000002,59216.0,3492.5504,5913.0,1.693032117732646,9.6003,0.8923000000000059,1.0782999999999987,69.1865,21.6303
37119005513,Mecklenburg County,Mallard area,41.7675,46.2631,4.495600000000003,98750.0,3094.5407,3975.0,1.2845201874384784,18.7536,0.5374999999999943,0.4723000000000006,41.2327,4.4025
37119005515,Mecklenburg County,Cox Mill area,19.233,22.8291,3.5961,89408.0,3278.4537,2715.0,0.8281343122216428,8.9776,2.1067999999999927,0.9978999999999942,31.7127,5.2554
37119005516,Mecklenburg County,Cox Mill area,25.6808,31.943,6.2622,117250.0,3868.0551,1808.0,0.46741836743742354,0.7496,0.0,0.06709999999999994,41.427,2.6549
37119005517,Mecklenburg County,Joplor / Cox Mill / Mallard,28.0256,32.7002,4.674600000000002,105598.0,3547.7094,3940.0,1.1105757421957954,12.6663,0.9849000000000103,0.6610999999999976,34.0609,1.8528
37119005519,Mecklenburg County,Concord Mills / Cox Mill,44.8062,43.6398,-1.1663999999999959,75810.0,2298.5853,5379.0,2.3401350387127247,34.3728,11.3814,0.6195000000000022,50.567,6.544
37119005520,Mecklenburg County,University City / Concord Mills,41.1921,42.5534,1.3613,115524.0,2325.8625,5126.0,2.203913601943365,12.0619,1.9410000000000025,1.610999999999997,42.2942,4.761
37119005522,Mecklenburg County,Mallard / Lynn Lee,37.1097,42.973,5.863300000000002,89926.0,6046.1408,5261.0,0.8701418266673512,5.1914,0.0,0.31560000000000343,49.9525,2.4482
37119005525,Mecklenburg County,Joplor area,24.8979,26.7969,1.899000000000001,88259.0,4719.5803,4375.0,0.9269892070699592,24.8048,3.8170000000000073,3.4007999999999967,42.2629,16.5257
37119005526,Mecklenburg County,Joplor / Croft,27.3849,25.7591,-1.6257999999999981,112353.0,1852.377,3242.0,1.7501836829112,45.7812,17.7209,1.5473,53.7323,6.7551
37119005527,Mecklenburg County,Mallard area,46.7381,52.885,6.146899999999995,80597.0,3770.7858,3028.0,0.8030156472955849,21.1073,0.0,0.11629999999999896,44.1876,9.4782
37119005528,Mecklenburg County,Mallard area,47.176,52.9985,5.822499999999998,79419.0,3548.0954,3971.0,1.1191920036873868,8.1313,0.5845000000000056,0.2792999999999992,55.9305,1.6369
37119005529,Mecklenburg County,Mallard / Concord Mills,19.8964,19.8658,-0.03059999999999974,68587.0,2159.2478,1676.0,0.7761962290756994,47.6451,10.689499999999995,-0.8549000000000007,41.0501,8.5322
37119005530,Mecklenburg County,Mallard area,32.6383,33.5538,0.9155000000000015,85747.0,1571.0937,3640.0,2.3168573586667685,6.1876,5.257000000000005,2.391200000000005,46.3736,6.6869
37119005531,Mecklenburg County,Concord Mills area,42.4098,40.9553,-1.454499999999996,74309.0,2804.5532,6605.0,2.3550988442651044,48.5978,13.699100000000008,1.4889999999999972,49.5382,7.0855
37119005532,Mecklenburg County,University City area,49.162,47.674,-1.4879999999999995,71457.0,3664.2018,4506.0,1.2297357640073208,19.7713,1.6627999999999972,1.6189999999999998,39.0368,10.8744
37119005533,Mecklenburg County,University City / Mallard,46.7906,38.7214,-8.069199999999995,61279.0,483.6712,1073.0,2.218449227491734,50.5747,11.345300000000009,3.7323999999999984,55.0792,18.1733
37119005534,Mecklenburg County,University City area,31.0547,32.131,1.0762999999999998,57269.0,4575.9786,5227.0,1.1422693279203708,10.9932,1.2331999999999965,0.42900000000000205,47.2929,23.0909
37119005535,Mecklenburg County,Lynn Lee / Mineral Springs / Mallard,41.2403,42.5206,1.280300000000004,69315.0,3838.3634,4011.0,1.0449766168570698,17.2631,0.06640000000000157,2.5822000000000003,50.6358,5.8838
37119005536,Mecklenburg County,Mineral Springs / University City,36.6041,33.4775,-3.1266000000000034,72206.0,1291.2222,5841.0,4.523621108744877,18.6223,5.267600000000002,2.180399999999999,46.6701,3.6785
37119005604,Mecklenburg County,University City / Newell,33.1428,32.0305,-1.1122999999999976,36568.0,2924.8119,6425.0,2.1967224627334154,28.006,3.1325999999999965,1.1544999999999987,31.1751,41.0109
37119005609,Mecklenburg County,University City area,33.7535,35.6412,1.8876999999999953,28603.0,2656.6375,3311.0,1.246312302675845,39.1866,0.837299999999999,0.7423999999999964,45.7868,48.6419
37119005610,Mecklenburg County,University City / Concord Mills,26.5915,30.9847,4.3932,49375.0,2894.55,2643.0,0.9130952997875317,0.0,0.0,0.0,51.381,7.5729
37119005611,Mecklenburg County,Concord Mills / Downtown,43.1466,37.6536,-5.493000000000002,85394.0,1968.0055,3837.0,1.9496896731233728,36.0478,6.155299999999997,2.616000000000003,59.7342,5.7336
37119005612,Mecklenburg County,Reedy Creek / University City / Newell,30.5868,36.4364,5.849599999999999,85068.0,3654.5497,5793.0,1.5851474122790012,13.2466,0.043199999999998795,0.9940999999999995,40.7906,14.7181
37119005613,Mecklenburg County,Reedy Creek / Newell / Candlewood,34.1933,34.1615,-0.03180000000000405,85938.0,1729.5385,3756.0,2.1716775891372175,38.3695,4.386499999999998,1.759999999999998,61.475,13.6315
37119005615,Mecklenburg County,Reedy Creek area,40.1458,36.5301,-3.615700000000004,98571.0,2175.5034,2521.0,1.1588122546717232,52.2459,2.3259999999999934,1.431000000000001,57.4772,2.7457
37119005616,Mecklenburg County,Reedy Creek / Embassy East / Candlewood,62.8832,59.3733,-3.509900000000002,83611.0,769.0154,2279.0,2.9635297290535405,21.2355,0.12860000000000227,0.3352000000000004,51.9965,18.4291
37119005617,Mecklenburg County,Embassy East / Reedy Creek,61.9832,49.6097,-12.3735,74875.0,1826.5523,3531.0,1.9331502306284907,34.3849,17.109700000000004,8.1486,57.9439,1.7699
37119005618,Mecklenburg County,Reedy Creek area,56.0596,54.4973,-1.5623000000000005,123125.0,1354.5739,3485.0,2.572764763886267,20.9955,0.26959999999999695,0.7143999999999977,53.5438,8.454
37119005619,Mecklenburg County,Reedy Creek area,51.81,47.3908,-4.419200000000004,89271.0,2458.7372,5435.0,2.210484308774439,21.7112,5.926099999999998,3.3072000000000017,53.1555,10.4692
37119005621,Mecklenburg County,Reedy Creek / Downtown,53.302,46.9264,-6.375599999999999,76192.0,1313.9178,6744.0,5.132741180612669,25.7285,8.155099999999997,5.126999999999999,32.3992,17.0397
37119005622,Mecklenburg County,University City / Newell,31.4672,34.2014,2.7342000000000013,,7115.8621,2031.0,0.28541868454702063,35.8599,0.0,1.9268999999999963,45.3964,45.0025
37119005623,Mecklenburg County,Newell area,39.9289,42.5866,2.6576999999999984,42009.0,3774.2192,3702.0,0.9808651283423072,7.3702,0.0,0.39920000000000044,62.4527,14.3976
37119005624,Mecklenburg County,Camellia Gardens / Reedy Creek / Downtown,21.8011,27.5642,5.763099999999998,91538.0,2606.4414,2502.0,0.9599295038821897,45.5657,5.482599999999991,1.922699999999999,55.9552,7.0344
37119005625,Mecklenburg County,Reedy Creek area,36.9597,43.9518,6.992100000000001,110938.0,3723.7211,6300.0,1.6918560307859791,5.9118,0.36820000000000164,0.13709999999999667,51.9841,12.4444
37119005626,Mecklenburg County,Reedy Creek / Embassy East / Hickory Grove,51.2923,49.0685,-2.223799999999997,61200.0,1541.1319,3859.0,2.5040037131150163,37.0656,3.5159999999999982,2.7988,53.9259,13.3713
37119005627,Mecklenburg County,Reedy Creek / Downtown,48.8938,44.2415,-4.652299999999997,77507.0,2559.5825,7753.0,3.029009613872575,22.5222,8.293199999999999,4.105499999999999,52.3668,15.6217
37119005709,Mecklenburg County,Matthews Commercial Historic District area,35.8694,37.1141,1.2447000000000017,105862.0,2676.023,4725.0,1.7656798913910678,31.754,1.8211000000000013,1.6981000000000037,22.2011,3.6614
37119005710,Mecklenburg County,Idlewild area,44.0928,46.276,2.1832000000000065,75417.0,4337.6103,4799.0,1.10636956021614,8.9143,4.515900000000002,1.1128,29.0894,11.8762
37119005712,Mecklenburg County,Matthews Commercial Historic District / Downtown,40.2432,42.4918,2.248599999999996,100625.0,1123.9103,3319.0,2.9530826436949638,3.8525,1.4261999999999944,1.113199999999999,7.5625,1.467
37119005713,Mecklenburg County,Downtown area,43.9204,43.6161,-0.3042999999999978,123438.0,849.0887,4460.0,5.252690325521939,11.0215,2.0589999999999975,1.8142999999999994,9.6413,5.2242
37119005714,Mecklenburg County,Downtown area,45.8238,44.6748,-1.149000000000001,115927.0,590.0686,6231.0,10.559789149939517,25.1777,1.2521999999999984,2.7318999999999996,12.9674,3.9402
37119005715,Mecklenburg County,Downtown / Bethel Glen,49.3458,47.829,-1.5167999999999964,79946.0,416.7201,2942.0,7.05989463911148,21.2093,0.4170999999999978,1.919500000000001,14.446,2.1074
37119005716,Mecklenburg County,Idlewild area,40.1477,43.4467,3.2989999999999995,71371.0,6082.5113,5618.0,0.9236316585223606,8.3552,0.6034000000000077,1.1791000000000018,21.4845,15.3132
37119005718,Mecklenburg County,Downtown area,45.573,47.178,1.6049999999999969,83938.0,2030.1092,3559.0,1.753107665341352,3.0236,2.1725999999999885,1.1064000000000007,21.6915,3.8017
37119005719,Mecklenburg County,Downtown area,49.281,47.3764,-1.904600000000002,92500.0,863.3017,3902.0,4.5198567314300435,9.7925,3.1240999999999985,2.7696000000000005,8.0215,14.3375
37119005720,Mecklenburg County,Downtown / Idlewild / Matthews Commercial Historic District,48.5081,49.2744,0.7663000000000011,106938.0,965.8173,2080.0,2.1536164241415015,20.2087,2.459299999999999,2.1023999999999994,10.7692,6.875
37119005721,Mecklenburg County,Downtown area,47.4631,49.9839,2.5208000000000013,96795.0,1455.34,3617.0,2.4853298885483808,11.8016,0.0688999999999993,0.7256,8.1559,9.4553
37119005722,Mecklenburg County,Idlewild / Matthews Commercial Historic District,55.9754,53.2499,-2.725500000000004,99750.0,1432.1619,2242.0,1.5654654686736185,2.6461,1.5197000000000003,1.1232000000000006,13.7377,4.2819
37119005723,Mecklenburg County,Idlewild / Matthews Commercial Historic District,46.8651,49.7942,2.9290999999999983,72816.0,3262.4452,3732.0,1.1439272604486965,2.3349,0.0,0.8479000000000028,28.0011,4.582
37119005811,Mecklenburg County,Matthews Commercial Historic District / Providence / Rama,53.4381,57.4061,3.9680000000000035,78078.0,2919.7873,4463.0,1.5285359998654697,16.5005,0.0,0.8231999999999999,9.9037,14.9394
37119005815,Mecklenburg County,Providence / Carmel,39.0056,41.8374,2.831800000000001,91597.0,1613.2494,3310.0,2.051759634933074,1.8939,0.5230999999999995,0.2394999999999996,4.8036,3.3837
37119005816,Mecklenburg County,Blakeney / Carmel,36.6255,38.5857,1.9602000000000004,139708.0,2046.4733,4153.0,2.0293448245818793,8.7306,0.0,0.22949999999999804,10.2336,5.3455
37119005817,Mecklenburg County,Providence area,46.5766,48.315,1.7383999999999986,123929.0,2602.6577,4316.0,1.6583048934940616,3.6223,0.4861000000000075,0.9141999999999975,4.8193,6.3948
37119005824,Mecklenburg County,Nations Ford / Starmount,24.893,20.9119,-3.9811000000000014,99667.0,864.5649,4942.0,5.716170064271636,51.9076,7.948099999999997,4.0458,25.8397,16.0259
37119005826,Mecklenburg County,Carolina Village / Carmel,28.4709,30.4243,1.9533999999999985,80360.0,1856.4398,3202.0,1.7248068049392173,0.0,0.0,0.7242999999999995,13.8663,10.3061
37119005827,Mecklenburg County,Starmount / Huntingtowne Farms,28.669,28.9427,0.27369999999999806,70474.0,3719.4743,2568.0,0.6904201488903956,2.2727,0.0,1.4085999999999999,40.8489,8.7617
37119005828,Mecklenburg County,Carmel / Huntingtowne Farms / Quail Hollow,48.3477,48.8542,0.5064999999999955,100179.0,3006.4344,3708.0,1.2333547008376433,0.0,0.028100000000009118,1.4997000000000007,10.9223,0.9978
37119005829,Mecklenburg County,Carmel / Carolina Village,16.7432,18.2781,1.5348999999999968,44291.0,1842.4038,2079.0,1.1284171254965931,0.9489,0.0,1.0870999999999995,32.6599,9.7162
37119005830,Mecklenburg County,Carmel / Ballantyne,48.2943,51.6389,3.3446,81230.0,2574.7847,3443.0,1.3371991840715847,0.677,0.0,0.1507000000000005,17.6009,3.9569
37119005832,Mecklenburg County,Providence area,46.3817,48.5574,2.175699999999999,166382.0,2534.9977,2917.0,1.1506913793255118,19.1469,2.3613,1.6813000000000002,1.3027,2.194
37119005833,Mecklenburg County,Matthews Commercial Historic District / Providence,48.6858,48.7822,0.0964000000000027,132350.0,2889.0422,5483.0,1.8978608204476903,14.6626,1.4570000000000078,2.5355999999999987,7.0764,2.2188
37119005834,Mecklenburg County,Matthews Commercial Historic District area,40.1298,40.7723,0.6424999999999983,104028.0,1992.8612,4305.0,2.1602106559152237,19.0741,6.965199999999996,2.2190999999999974,19.5819,5.5981
37119005835,Mecklenburg County,Matthews Commercial Historic District area,44.2274,45.4528,1.2254000000000005,135324.0,1174.6412,2429.0,2.0678654894788298,3.7118,0.8624000000000009,0.6795000000000009,0.8646,4.4874
37119005836,Mecklenburg County,The Traditions at Covington / Carolina Village,39.7408,44.4787,4.737900000000003,105469.0,3759.2314,3841.0,1.0217514143981665,5.9928,0.033999999999991815,0.7056000000000004,10.5181,14.0849
37119005839,Mecklenburg County,Ballantyne / Carmel,38.8722,34.3959,-4.476300000000002,93864.0,2471.4078,2560.0,1.0358468561926526,21.504,0.2669999999999959,2.148399999999995,11.0156,10.2313
37119005840,Mecklenburg County,Ballantyne area,28.3799,30.97,2.5900999999999996,123056.0,2241.1867,2253.0,1.0052710021882603,9.4883,0.0,1.5778000000000034,11.3626,4.6605
37119005843,Mecklenburg County,Blakeney area,28.2296,33.0643,4.8347000000000016,159375.0,2718.5913,3091.0,1.1369859088418328,8.1328,0.06080000000000041,1.3322999999999965,6.3086,4.7881
37119005845,Mecklenburg County,Blakeney area,21.6655,23.7827,2.117199999999997,136067.0,3665.3842,6760.0,1.8442814262144744,41.6876,1.3862000000000023,11.178899999999999,6.1686,2.7367
37119005846,Mecklenburg County,Blakeney area,32.6097,35.7696,3.1599000000000004,230616.0,2320.7327,3910.0,1.6848127317721684,6.9876,0.0,0.6971999999999987,3.0691,4.578
37119005847,Mecklenburg County,Providence area,56.4738,55.6247,-0.8491,168375.0,2151.5944,5379.0,2.5000065068025834,14.2222,0.6517999999999944,1.305299999999999,5.7446,1.3199
37119005848,Mecklenburg County,Providence / Matthews Commercial Historic District,56.6087,56.6665,0.057800000000000296,176492.0,2263.8929,4930.0,2.1776648533152785,1.1364,-0.005799999999993588,0.2853999999999992,1.9067,3.4735
37119005849,Mecklenburg County,Matthews Commercial Historic District area,27.6421,29.3773,1.7352000000000025,106354.0,2764.9475,3706.0,1.3403509469890476,28.2033,8.585300000000004,2.8562999999999974,21.8564,2.2936
37119005850,Mecklenburg County,Providence / Blakeney,60.0686,49.72,-10.348600000000005,126730.0,1976.0144,2960.0,1.4979647921594093,78.763,23.497200000000003,16.428400000000003,2.1959,1.6554
37119005851,Mecklenburg County,Providence area,43.3416,45.7905,2.448900000000002,101419.0,2391.6789,4218.0,1.763614672521466,6.422,1.2193999999999932,0.5188999999999986,20.5548,9.578
37119005852,Mecklenburg County,Carmel area,43.0341,47.9641,4.93,53690.0,3358.3212,2022.0,0.6020865425260693,1.2,0.0,0.08750000000000213,6.4293,8.6053
37119005853,Mecklenburg County,Carmel area,31.5358,33.4522,1.9163999999999994,62238.0,4399.1139,2357.0,0.5357897189249862,7.7236,0.0,0.09720000000000084,15.6979,3.2669
37119005854,Mecklenburg County,Ballantyne / Carolina Village,31.7474,34.6719,2.924500000000002,126684.0,3116.1943,3104.0,0.9960867972834685,13.8935,0.6281000000000034,0.2787000000000006,14.2397,4.4137
37119005855,Mecklenburg County,Ballantyne / Bridgehampton Club,29.121,31.3062,2.185200000000002,106788.0,3227.4802,4688.0,1.4525263392785492,9.2698,0.0,3.0102000000000046,5.1621,9.2363
37119005856,Mecklenburg County,The Traditions at Covington / The Villas at Covington,28.2835,34.9713,6.687799999999999,120847.0,6919.0268,2625.0,0.37938861575156785,41.7659,4.682099999999991,2.1392000000000024,22.6286,3.8857
37119005857,Mecklenburg County,Bridgehampton Club area,27.6859,33.4109,5.724999999999998,103056.0,4170.0162,2197.0,0.5268564664089315,50.0,11.244500000000002,5.493299999999998,5.1889,3.4137
37119005858,Mecklenburg County,Bridgehampton Club area,40.8676,43.3537,2.4861000000000004,122526.0,2377.0345,4419.0,1.8590390673757573,31.7807,3.763300000000001,3.053699999999999,17.3569,4.6843
37119005859,Mecklenburg County,Ballantyne / Blakeney,40.9586,43.1639,2.205300000000001,125588.0,3677.5533,2725.0,0.7409817826433678,19.8027,0.0,2.116900000000001,8.0,2.055
37119005860,Mecklenburg County,Ballantyne area,33.003,35.5599,2.556899999999999,111920.0,4474.582,4554.0,1.0177486969732592,8.3936,0.20289999999999964,1.943399999999997,7.4879,0.0
37119005861,Mecklenburg County,Blakeney area,25.8803,31.7904,5.9101000000000035,84803.0,4258.5589,2666.0,0.626033374811371,1.0294,0.16660000000000252,0.3143000000000029,10.3901,4.0684
37119005862,Mecklenburg County,Blakeney area,27.2227,31.1107,3.8880000000000017,157454.0,4253.0715,3115.0,0.7324118581124254,0.0,0.0,0.07609999999999673,1.573,1.5539
37119005863,Mecklenburg County,Blakeney / Bridgehampton Club,25.8702,30.3726,4.502399999999998,149356.0,4471.9202,3739.0,0.8361061541303891,20.7469,0.24739999999999895,1.7789000000000001,16.6622,1.4282
37119005864,Mecklenburg County,Blakeney area,24.352,29.3586,5.006599999999999,162981.0,4314.2059,4887.0,1.132769300602922,27.636,0.0929000000000002,0.8654999999999973,9.4741,1.9235
37119005865,Mecklenburg County,Matthews Commercial Historic District area,55.4855,55.7052,0.219699999999996,123125.0,2322.6697,2088.0,0.8989655309147057,6.8047,1.0371999999999986,2.8232,15.5651,3.592
37119005866,Mecklenburg County,Matthews Commercial Historic District area,26.0592,29.1282,3.068999999999999,60533.0,1432.8356,4628.0,3.2299588312853196,10.8942,0.783299999999997,0.15390000000000015,30.3371,7.7698
37119005867,Mecklenburg County,Carolina Village area,40.2196,41.573,1.3534000000000006,61333.0,3677.1473,3722.0,1.0121976892250142,30.1415,10.2271,3.9131,27.2166,4.2719
37119005868,Mecklenburg County,Prestwick / Carolina Village,44.8018,43.9653,-0.8365000000000009,56250.0,2456.4832,2796.0,1.1382125471079956,6.167,0.11829999999999785,1.9063999999999979,3.2546,40.5856
37119005908,Mecklenburg County,The Sanctuary / Chapel Cove,55.3252,53.6407,-1.6844999999999999,150156.0,412.4853,2334.0,5.658383462392478,23.4826,1.741699999999998,2.8859999999999992,13.3676,3.3419
37119005910,Mecklenburg County,Chapel Cove / Steele Creek,23.7466,22.8917,-0.8549000000000007,73333.0,3373.9338,5393.0,1.5984308880037896,15.0698,1.542900000000003,0.7853999999999957,34.4335,5.6031
37119005913,Mecklenburg County,Steele Creek / Ayrsley,22.1873,23.6926,1.5052999999999983,76406.0,2523.3718,7125.0,2.823602926845739,7.2654,0.6362000000000023,1.2640999999999991,31.8456,4.5196
37119005915,Mecklenburg County,Ayrsley area,13.0282,12.4237,-0.6044999999999998,79338.0,7498.0086,3188.0,0.42517956034352905,40.5128,0.08139999999998793,2.617600000000003,55.2698,5.5802
37119005916,Mecklenburg County,Nations Ford / Ayrsley,33.0663,33.2794,0.21310000000000429,48444.0,1401.3643,2720.0,1.9409656718099642,0.0,0.0,1.5457999999999998,45.9559,16.0937
37119005918,Mecklenburg County,Steele Creek area,39.2458,30.7046,-8.541200000000003,124198.0,3784.5308,7392.0,1.953214385254838,44.1315,18.948099999999997,6.583299999999994,41.8155,17.6001
37119005919,Mecklenburg County,Wildwood / Twins Estates,46.616,39.0863,-7.529699999999998,109722.0,530.3412,3248.0,6.124359186123953,51.875,3.939399999999999,6.0908000000000015,18.4729,4.9877
37119005920,Mecklenburg County,Shopton / Twins Estates,60.2682,59.9739,-0.2942999999999998,49924.0,291.8471,2226.0,7.627281545713491,33.4833,1.6013999999999982,3.7254000000000005,14.5103,20.3953
37119005921,Mecklenburg County,Shopton area,23.5832,25.4107,1.827499999999997,130313.0,4180.8952,3826.0,0.9151150212997446,85.0267,30.197399999999995,9.7879,33.3246,7.1354
37119005922,Mecklenburg County,Chapel Cove / Steele Creek,37.5512,42.6367,5.085499999999996,128906.0,2879.5064,4054.0,1.4078801839092976,18.7246,3.582500000000003,1.6562999999999946,40.2072,6.2887
37119005923,Mecklenburg County,Steele Creek area,22.9083,22.9779,0.06960000000000122,108941.0,4813.5762,5659.0,1.1756332017762594,68.5468,22.6759,5.877800000000001,48.6305,7.7576
37119005924,Mecklenburg County,Chapel Cove / Steele Creek,34.5565,34.8444,0.2879000000000005,100682.0,2270.352,7058.0,3.1087690366956315,13.7209,6.0146000000000015,0.6144000000000034,36.7951,2.6335
37119005925,Mecklenburg County,Steele Creek / Chapel Cove,39.2693,37.7479,-1.5213999999999999,110625.0,1696.7758,3445.0,2.030321271673017,33.7003,4.1141000000000005,4.7672000000000025,35.1234,2.6995
37119005926,Mecklenburg County,The Sanctuary / North Rock Hill,48.9063,38.9457,-9.9606,177708.0,1350.1386,8648.0,6.405268318378573,72.2018,10.986900000000002,10.0454,29.7641,0.9366
37119005927,Mecklenburg County,Ayrsley area,33.3855,30.2698,-3.1157000000000004,92292.0,7037.2467,7905.0,1.123308637169136,50.8636,5.999899999999997,1.9501999999999953,53.599,6.5022
37119005928,Mecklenburg County,Shopton / City Park,55.5142,46.3425,-9.171700000000001,79000.0,373.9735,1857.0,4.965592481820236,13.4228,6.372800000000005,7.793599999999998,35.1642,5.0701
37119005929,Mecklenburg County,Steele Creek area,20.6217,23.6291,3.0074000000000005,80352.0,4593.4067,4055.0,0.8827870608539845,27.4669,1.341700000000003,0.9760999999999953,41.381,5.4041
37119005930,Mecklenburg County,Steele Creek / Ayrsley,26.8397,18.0247,-8.815000000000001,53191.0,1567.9567,3098.0,1.9758198679848749,7.26,8.6353,4.231000000000002,17.4629,17.6243
37119005931,Mecklenburg County,Steele Creek area,25.9044,30.3222,4.4178,90607.0,4853.7969,4162.0,0.8574730434229747,14.3581,2.701899999999995,1.2626000000000062,35.9683,10.2595
37119005932,Mecklenburg County,Steele Creek area,19.4496,22.5881,3.1385000000000005,92682.0,2552.7134,2530.0,0.9911022522152311,13.4446,0.7887999999999948,2.3632999999999953,31.5415,2.1739
37119006005,Mecklenburg County,Arlington / Riverfront Homes & Marina / Sodyeco,46.6329,44.5573,-2.0756000000000014,68185.0,553.3073,3526.0,6.372588975421072,19.6299,4.264800000000001,3.7746999999999957,35.3091,11.0607
37119006008,Mecklenburg County,Shuffletown / Sodyeco,43.1267,44.3665,1.2398000000000025,91375.0,1876.7845,3378.0,1.7998869875577084,9.8622,0.019300000000001205,0.11629999999999896,40.4973,9.6803
37119006009,Mecklenburg County,Coulwood / Shuffletown,40.7372,41.8216,1.0843999999999951,73023.0,1393.2043,3144.0,2.2566683149054305,23.0141,0.6754999999999995,0.747200000000003,42.6527,20.5632
37119006011,Mecklenburg County,Arlington / Forest Pawtucket / Twins Estates,47.3654,40.6516,-6.713799999999999,70980.0,2580.7565,3743.0,1.45034992646536,29.4983,0.9419999999999931,3.2445999999999984,55.7307,2.0305
37119006012,Mecklenburg County,White Oak Park / Forest Pawtucket / Twins Estates,46.8596,43.9319,-2.9277000000000015,75357.0,1956.1965,5005.0,2.5585364251495184,13.171,0.9805999999999955,3.0488,30.8691,17.622
37119006013,Mecklenburg County,Sodyeco / River Park / Shuffletown,41.5582,38.3076,-3.2505999999999986,97549.0,2762.768,4821.0,1.7449890834119983,32.3446,5.675400000000003,2.359500000000004,74.4659,14.6235
37119006014,Mecklenburg County,Shuffletown / Dutchman's Ridge,43.7792,46.6664,2.8872,121300.0,1774.06,3878.0,2.185946360326032,15.2919,1.9078000000000017,1.1059000000000019,23.4399,0.361
37119006015,Mecklenburg County,Coulwood / Paw Creek / Shuffletown,41.2434,42.9157,1.6723,95513.0,1886.4927,4081.0,2.163273677125811,3.5326,0.031999999999996476,0.34990000000000165,39.1081,3.357
37119006016,Mecklenburg County,Homestead area,29.6965,29.9252,0.2286999999999999,58875.0,1320.0507,2820.0,2.1362815837300793,2.1257,2.1565000000000083,2.897600000000004,46.8085,11.383
37119006103,Mecklenburg County,Mountain Island Village area,45.2496,44.6294,-0.6202000000000041,81534.0,1276.7507,5265.0,4.12374945241855,37.9891,3.5268999999999977,4.1554,25.9449,4.1026
37119006105,Mecklenburg County,Mountain Island Village / Oakdale / Northlake,50.9643,51.6005,0.6361999999999952,101343.0,932.6623,2730.0,2.9271044835842512,6.7385,2.0652000000000044,0.39899999999999736,44.3956,2.3077
37119006108,Mecklenburg County,Spring Lake / Sunset Hills,45.3992,46.4634,1.0641999999999996,72181.0,2017.0685,4783.0,2.371263048329791,23.7102,2.8042000000000016,0.5687999999999995,53.9619,8.6003
37119006109,Mecklenburg County,Hyde Park Estates / Bahama Park,30.2007,29.9883,-0.21240000000000236,51250.0,1291.4651,2836.0,2.195955585636809,10.3123,1.1058000000000021,1.087299999999999,77.3625,6.8468
37119006110,Mecklenburg County,Coulwood / Oakdale / Chateau Woods,41.4272,42.1545,0.7272999999999996,80478.0,2019.5666,6291.0,3.1150247780885265,11.4068,2.7572999999999865,2.174400000000002,55.7304,8.8892
37119006111,Mecklenburg County,Oakdale / Mountain Island Village,47.7548,49.1953,1.4405000000000001,81152.0,922.1044,4092.0,4.437675386865088,12.3047,0.7468000000000004,0.6576999999999984,34.1153,9.0909
37119006112,Mecklenburg County,Northlake area,30.9019,29.2843,-1.6175999999999995,58688.0,1801.2131,2524.0,1.4012778388076348,48.5938,4.07589999999999,2.5338999999999956,65.7686,24.6434
37119006113,Mecklenburg County,Northlake area,33.7921,38.6153,4.8232,81573.0,2891.6664,3155.0,1.091066383037822,48.6579,0.1588000000000136,0.7950000000000017,52.8051,1.7433
37119006114,Mecklenburg County,Bahama Park / Northlake,36.7008,37.8942,1.193399999999997,66541.0,2734.4816,3572.0,1.306280503039406,47.3325,9.737199999999994,1.1362000000000023,57.7548,6.103
37119006115,Mecklenburg County,Northlake area,18.6382,18.9808,0.34259999999999735,65647.0,5050.8889,3976.0,0.7871881719671165,58.5568,3.8357000000000028,6.1192999999999955,65.4175,15.6773
37119006208,Mecklenburg County,Birkdale area,26.2058,26.3102,0.10439999999999827,101985.0,2914.724,3794.0,1.3016669845927091,42.2414,0.3731999999999971,2.2132000000000005,3.8218,5.1661
37119006209,Mecklenburg County,Birkdale area,24.0404,29.7071,5.666699999999999,87920.0,2966.8394,5018.0,1.6913621950685973,16.7654,1.336500000000001,1.113900000000001,14.5676,7.0347
37119006210,Mecklenburg County,Hicks Crossroads / Birkdale,25.2998,29.5909,4.2911,126938.0,1373.6764,4344.0,3.16231683095087,21.8767,3.1197000000000017,1.1872000000000007,9.8757,3.1998
37119006211,Mecklenburg County,Birkdale / Rosedale,37.7268,43.3157,5.588900000000002,127163.0,2823.7012,6229.0,2.205969951778184,6.7081,3.1171000000000078,1.4414000000000016,4.3185,0.6113
37119006212,Mecklenburg County,Rosedale area,33.0139,36.8158,3.8019000000000034,98333.0,3231.8824,4526.0,1.4004222430865678,17.3571,6.837599999999995,1.2956000000000003,14.251,3.8251
37119006214,Mecklenburg County,Rosedale / Hicks Crossroads,51.3912,54.6496,3.2584000000000017,139196.0,2004.7278,4285.0,2.1374472883550575,4.3972,2.233699999999999,0.6874000000000002,12.9522,6.4177
37119006216,Mecklenburg County,Birkdale / Caldwell,10.4069,10.9095,0.5025999999999993,176439.0,2539.1556,1850.0,0.7285886693985985,4.0741,0.0,0.9563000000000059,0.5946,9.1892
37119006217,Mecklenburg County,Birkdale area,12.9394,12.9628,0.02340000000000053,145863.0,2415.8347,3227.0,1.3357701998402458,13.8906,0.2645999999999944,1.7835999999999999,0.0,2.5101
37119006218,Mecklenburg County,Birkdale / Villas of Cowans Ford / Hicks Crossroads,13.8209,14.2045,0.3835999999999995,200455.0,2061.8848,2957.0,1.434124738685692,7.7824,0.01729999999999876,1.603199999999994,0.5749,1.0551
37119006219,Mecklenburg County,Hicks Crossroads / Birkdale / Cowan's Ford,13.9992,14.0267,0.027499999999999858,195833.0,1996.4119,3179.0,1.5923567676590187,18.7919,0.6208999999999989,1.6331000000000024,2.548,0.2831
37119006220,Mecklenburg County,Hicks Crossroads / Cowan's Ford / Birkdale,12.7948,13.2856,0.4908000000000001,107844.0,1364.7228,2834.0,2.0766121882040807,8.1782,0.13149999999999906,0.8461999999999961,0.0,3.5286
37119006221,Mecklenburg County,Hicks Crossroads area,35.4306,35.144,-0.28659999999999997,120911.0,2259.308,4295.0,1.9010245615029027,42.4142,15.221900000000002,5.657900000000005,18.2305,3.1587
37119006222,Mecklenburg County,Allison Ferry / Mountain Island Village,53.3243,53.8187,0.49439999999999884,146728.0,314.5072,3800.0,12.082394298127356,17.6136,0.7425999999999995,0.5116999999999976,14.2895,1.5789
37119006223,Mecklenburg County,Northlake / Rosedale / Hicks Crossroads,60.1375,57.5335,-2.6040000000000063,103750.0,619.1888,2774.0,4.480055194796805,3.8855,2.5237000000000016,1.3059999999999974,27.5775,2.9921
37119006224,Mecklenburg County,Rosedale / Northlake,39.0023,34.0916,-4.9106999999999985,72387.0,651.4611,3210.0,4.927385533840777,54.221,5.815100000000001,5.669499999999999,14.5794,7.2586
37119006305,Mecklenburg County,Joplor / Moss Creek,45.7583,41.0799,-4.678399999999996,179859.0,723.6055,4247.0,5.869220175910769,47.5054,8.966999999999999,3.052900000000001,32.9644,2.0956
37119006306,Mecklenburg County,Rosedale / Joplor,36.9631,33.0297,-3.933399999999999,131538.0,867.3827,1607.0,1.852700082674003,38.7658,10.465899999999998,4.511499999999998,10.6409,5.0336
37119006307,Mecklenburg County,Joplor / Rosedale,47.4156,43.8161,-3.599499999999999,124139.0,1043.1023,5752.0,5.514320119896198,64.1026,14.075399999999998,7.023899999999998,23.6961,3.9291
37119006308,Mecklenburg County,Caldwell / Rosedale / Birkdale,32.343,38.4233,6.080299999999994,101515.0,3245.9619,4317.0,1.3299601575730142,36.8481,2.9835999999999956,1.5899999999999999,3.0114,2.0616
37119006309,Mecklenburg County,Rosedale area,43.5591,46.1553,2.596199999999996,71250.0,2176.0075,1804.0,0.8290412601978623,2.1789,0.04180000000000916,0.5422000000000011,17.4612,16.314
37119006310,Mecklenburg County,Hopewell / Moss Creek,48.0007,44.1136,-3.8871000000000038,117075.0,732.0677,3949.0,5.39430984320166,45.1902,7.647199999999998,5.4289999999999985,8.3565,3.0134
37119006311,Mecklenburg County,Caldwell / Hopewell,37.671,34.399,-3.2719999999999985,185455.0,772.5696,3864.0,5.001491127789651,5.7079,2.5397000000000034,1.9283000000000001,2.1998,2.3033
37119006403,Mecklenburg County,Hopewell / Caldwell,42.7681,42.198,-0.5700999999999965,140605.0,1728.9532,6394.0,3.6981914837255285,18.4687,2.7668000000000035,2.526,19.4557,13.0932
37119006404,Mecklenburg County,Hopewell area,47.4128,47.7605,0.34770000000000323,184573.0,786.4014,7207.0,9.16453098888176,33.1384,2.5451000000000015,2.816300000000002,2.8167,2.2478
37119006407,Mecklenburg County,Caldwell / Birkdale,25.4704,29.2884,3.817999999999998,123058.0,2332.6749,3812.0,1.63417542667433,14.1407,2.8299999999999983,2.0442000000000036,7.0042,1.4585
37119006408,Mecklenburg County,Caldwell area,29.7886,30.3901,0.6015000000000015,99531.0,2767.3269,2432.0,0.8788264227113898,34.424,1.243300000000005,1.3491,6.0444,7.1135
37119006409,Mecklenburg County,Caldwell / Hopewell,45.1205,43.9815,-1.139000000000003,119211.0,1089.2947,3673.0,3.3719066107638276,86.6497,5.4594999999999985,6.091100000000004,3.3215,4.7373
37119006410,Mecklenburg County,Caldwell area,30.2621,33.5374,3.275299999999998,93667.0,3727.7221,3456.0,0.9271077369206251,6.1281,0.34489999999999554,1.5030000000000001,1.8519,3.8773
37119006411,Mecklenburg County,Caldwell / Birkdale,37.8827,40.6767,2.793999999999997,81500.0,2813.9122,2923.0,1.0387673076651076,1.0046,0.03340000000000032,0.36070000000000135,8.3134,5.9528
37119980100,Mecklenburg County,Shopton / Twins Estates / Reid Park,10.8429,8.6734,-2.1694999999999993,,0.0,0.0,,,1.629099999999994,1.3892000000000024,,
37119980200,Mecklenburg County,Nations Ford / Ayrsley,16.4319,15.033,-1.3988999999999994,,0.0,0.0,,,2.1071000000000026,2.148700000000005,,
37119980300,Mecklenburg County,Midtown / Second Ward,7.8581,9.3499,1.4917999999999996,,108.174,20.0,0.18488731118383345,100.0,0.0,0.0,0.0,0.0
37159050201,Rowan County,Granite Commons / The Reserve at the Country Club,38.1285,38.2955,0.1669999999999945,51168.0,938.2251,4633.0,4.938047383298528,8.1783,0.6047000000000011,-0.05039999999999978,41.4202,24.4542
37159050202,Rowan County,Granite Commons / The Reserve at the Country Club,29.7069,30.7909,1.0839999999999996,52672.0,1149.5503,5426.0,4.720106636482109,20.1235,1.3277000000000072,0.6058000000000021,34.6849,23.1617
37159050300,Rowan County,Cresent / The Reserve at the Country Club,22.6598,22.7042,0.04439999999999955,57821.0,3524.8033,4231.0,1.2003506692132295,2.3644,0.14449999999999363,0.15680000000000405,21.5316,20.2933
37159050400,Rowan County,Cresent / The Reserve at the Country Club,27.047,29.1133,2.0662999999999982,27691.0,2274.1806,3011.0,1.3239933539139328,20.3788,0.026200000000002888,0.9269999999999996,46.8947,52.4341
37159050500,Rowan County,The Reserve at the Country Club / Cresent,34.4207,33.3053,-1.115399999999994,103533.0,1445.9633,3666.0,2.5353340572336798,3.3413,0.19180000000000064,0.45349999999999824,20.6219,9.9767
37159050700,Rowan County,Wood Field area,45.7328,46.5421,0.8093000000000004,63958.0,947.0903,3620.0,3.8222332126091887,1.1167,0.21450000000000102,0.2795000000000023,28.3978,15.5618
37159050800,Rowan County,The Reserve at the Country Club / Wood Field / Granite Commons,46.6691,49.501,2.8318999999999974,47953.0,327.0016,2434.0,7.443388656202294,6.25,0.4026999999999994,0.46580000000000155,65.037,16.5089
37159050901,Rowan County,Rowan County,40.7856,41.2694,0.4837999999999951,60276.0,154.1239,4473.0,29.02210494284144,12.9931,0.5530999999999988,2.465799999999998,3.0852,16.6855
37159050903,Rowan County,Braunville Estates area,37.9901,39.4748,1.4847000000000037,78988.0,199.6158,5753.0,28.820363919088567,6.7478,0.3678999999999988,0.6934000000000005,2.59,4.7454
37159050904,Rowan County,Rowan County,49.8543,49.2868,-0.5675000000000026,95904.0,60.5104,2990.0,49.4129934688913,6.6835,0.0829999999999993,0.5168999999999997,0.0,4.6035
37159051001,Rowan County,Braunville Estates area,35.8038,37.0251,1.2212999999999994,55404.0,296.2013,7165.0,24.18963049790801,5.838,0.3634999999999984,0.4560999999999993,0.7258,14.8918
37159051002,Rowan County,Granite Commons / Braunville Estates,41.3558,42.1267,0.7708999999999975,65858.0,780.3195,6913.0,8.859191651624752,9.8062,0.3766000000000034,0.41130000000000067,1.244,12.4127
37159051101,Rowan County,Granite Commons / Jackson Park,42.7541,41.9375,-0.8166000000000011,59717.0,273.0599,7196.0,26.353192101806233,9.7143,1.0789000000000009,1.5938999999999979,1.4452,8.4769
37159051102,Rowan County,Granite Commons / Cresent,40.1708,39.9995,-0.17130000000000223,70417.0,211.7742,2770.0,13.07996913693925,3.9576,0.9353999999999978,1.2786000000000008,3.1047,12.8832
37159051201,Rowan County,Rowan County,39.9874,40.0132,0.025799999999996714,66764.0,625.1365,6486.0,10.375334027048494,7.2278,0.15390000000000015,0.3807000000000009,15.202,18.4186
37159051202,Rowan County,Hidden Creek area,45.4218,45.2904,-0.1313999999999993,80536.0,315.2613,3707.0,11.75850001252929,7.5735,0.3843999999999994,0.2810999999999986,13.7578,16.3205
37159051204,Rowan County,Cresent / Hidden Creek,41.5898,42.9025,1.3127000000000066,74306.0,873.7979,4670.0,5.344485263697704,8.771,0.006500000000002615,0.5901999999999994,18.651,11.253
37159051301,Rowan County,Hidden Creek area,51.8874,50.0962,-1.7911999999999964,57371.0,165.9662,2240.0,13.496724031760685,6.037,0.23399999999999999,0.37979999999999947,10.7589,12.7232
37159051302,Rowan County,Greystone Village / Wood Field / Hidden Creek,47.7883,45.8907,-1.897599999999997,63487.0,323.7977,5200.0,16.05940993404215,4.8824,0.08340000000000103,0.23749999999999716,18.3654,19.8462
37159051303,Rowan County,Hidden Creek / Cresent,36.1349,36.6831,0.5482000000000014,50025.0,1120.7584,6022.0,5.3731473259535685,5.1014,0.3229000000000042,0.42190000000000083,42.3281,29.819
37159051400,Rowan County,Jackson Park area,42.6158,39.7495,-2.8663000000000025,78857.0,740.1616,8705.0,11.760945177377481,7.9413,1.283999999999999,1.624799999999997,9.0293,9.6074
37159051501,Rowan County,Jackson Park area,38.5074,40.2466,1.7392000000000039,66201.0,2235.4305,5204.0,2.327963226769967,21.5737,0.014399999999994861,0.5181000000000004,18.9277,18.1836
37159051502,Rowan County,Jackson Park / Kellswater Bridge / Car Town,38.5482,38.8946,0.3463999999999956,65500.0,683.7286,3604.0,5.271097333064611,4.0857,0.27779999999999916,0.3349000000000011,14.6226,23.0577
37159051600,Rowan County,Jackson Park area,34.9865,34.5121,-0.4744000000000028,56382.0,705.4536,6372.0,9.032486332198177,14.1384,0.40380000000000393,0.7678999999999974,12.3195,9.8845
37159051700,Rowan County,China Grove,36.6195,34.7993,-1.8201999999999998,48787.0,456.9298,7822.0,17.118603339068716,6.4019,0.1238000000000028,1.347999999999999,5.0115,15.8266
37159051801,Rowan County,Rowan County,34.5014,34.1676,-0.33379999999999654,61358.0,213.3204,4297.0,20.143408694152082,13.0872,0.2621000000000002,0.947300000000002,1.0938,20.6171
37159051802,Rowan County,Rowan County,28.2204,28.0336,-0.18680000000000163,81563.0,152.2244,5068.0,33.29295434897428,14.2424,0.4657,1.2064000000000004,3.749,9.3923
37159051901,Rowan County,Rowan County,31.1168,30.4824,-0.634400000000003,71986.0,80.1378,5141.0,64.15199818312956,12.4249,0.18459999999999965,0.9902999999999977,4.1432,6.7407
37159051903,Rowan County,Rowan County,40.6385,39.4958,-1.1426999999999978,86786.0,76.6212,2901.0,37.86158400025058,11.1713,0.2561,0.567499999999999,24.4743,4.688
37159051904,Rowan County,Rowan County,37.2399,35.5921,-1.6477999999999966,78263.0,93.9195,3897.0,41.492980690910834,8.1481,0.3636999999999997,2.0045,14.5753,21.6889
37159052000,Rowan County,The Reserve at the Country Club area,17.7352,18.1416,0.4064000000000014,40333.0,2798.6188,2870.0,1.0255058673943018,7.1967,0.0,0.20379999999999399,51.2544,35.0114
37167930101,Stanly County,Stanly County,32.5978,33.1583,0.5604999999999976,63092.0,93.0775,4567.0,49.066638016706506,1.469,0.23900000000000077,0.5302000000000007,3.8975,15.1121
37167930102,Stanly County,Stanly County,47.7948,48.5319,0.7370999999999981,71713.0,113.5088,3507.0,30.896282931367438,5.9028,0.12530000000000108,0.28570000000000206,10.2652,11.8308
37167930200,Stanly County,Vickers Plantation area,56.5269,56.1821,-0.34479999999999933,53985.0,155.7478,4710.0,30.24119762847372,12.0867,0.10210000000000008,0.4519999999999982,20.3397,15.5386
37167930300,Stanly County,Vickers Plantation / Park West / Anderson Ridge,42.3712,43.3926,1.0213999999999999,76058.0,444.7247,4188.0,9.417061836232618,3.942,0.2027000000000001,0.15869999999999962,6.9723,7.9565
37167930500,Stanly County,Park West area,34.5825,35.3756,0.7930999999999955,46603.0,333.6652,3246.0,9.728314490093663,1.2063,0.2788000000000004,0.14300000000000068,1.4787,15.1215
37167930700,Stanly County,Stanly County,30.4181,30.9714,0.5533000000000001,69567.0,94.7065,4623.0,48.813967362324654,9.392,0.11330000000000062,0.48549999999999827,0.411,6.1074
37167930801,Stanly County,Stanly County,32.348,32.2231,-0.12489999999999668,62476.0,280.5672,6616.0,23.58080345813766,26.0346,0.6065999999999985,1.7293999999999983,0.0,7.0467
37167930802,Stanly County,Saddlebrook / Tucker Chase,33.5793,33.1512,-0.4281000000000006,77375.0,168.9821,5248.0,31.05654385878741,8.0153,0.3550000000000004,0.41139999999999866,3.5442,12.2256
37167930901,Stanly County,Stanly County,34.4045,33.686,-0.7184999999999988,63586.0,99.9186,2533.0,25.350635417229626,13.0872,0.11250000000000071,0.4859000000000009,12.4358,7.6436
37167930902,Stanly County,Red Cross,34.7898,34.6174,-0.1723999999999961,76439.0,194.0063,3619.0,18.65403339994629,12.3912,0.38729999999999976,0.7289999999999992,0.9671,19.6944
37167931001,Stanly County,Stanly County,37.1441,36.4213,-0.7227999999999994,76083.0,62.5414,2414.0,38.59843239837931,0.0,0.08460000000000001,0.7286999999999999,2.4855,5.6203
37167931002,Stanly County,Grandview / Morgan Hills,43.2096,43.0247,-0.18489999999999895,63438.0,129.2313,3586.0,27.748695555952775,16.2577,0.24049999999999905,0.9547999999999988,17.9866,25.4986
37167931101,Stanly County,Stanly County,42.6238,41.1198,-1.5040000000000049,62399.0,184.6294,2219.0,12.018670915899634,4.3838,0.7105999999999995,0.7994000000000003,12.1676,4.6868
37167931102,Stanly County,Stanly County,39.0881,39.3255,0.23740000000000094,50714.0,134.1579,3614.0,26.938406161694537,3.8186,0.21860000000000035,0.731300000000001,24.6541,18.041
37167931202,Stanly County,Park West / Morgan Hills,34.3536,34.3372,-0.016399999999997306,62692.0,293.7056,2835.0,9.652522798339561,1.9746,0.13189999999999813,0.4435000000000002,11.1464,19.0594
37167931203,Stanly County,Morgan Hills / Grandview,33.251,35.7533,2.5023000000000053,22264.0,2211.9476,3014.0,1.3626000905265567,0.3159,0.02580000000000382,0.2501000000000033,56.4035,39.4381
37167931204,Stanly County,Morgan Hills / Anderson Ridge,33.0495,35.9556,2.906099999999995,50044.0,1544.3183,3018.0,1.954260336097811,2.1633,0.017700000000004934,0.15869999999999607,23.0948,20.1127
37179020100,Union County,Union County,29.1687,28.6632,-0.5055000000000014,102581.0,87.2806,7483.0,85.73497432419117,10.5978,0.1413000000000002,0.841800000000001,0.8686,4.0492
37179020203,Union County,Downtown / Bethel Glen,42.5151,40.1513,-2.3637999999999977,125667.0,368.6566,4404.0,11.946076646939183,18.8441,0.48999999999999844,1.7746999999999993,6.04,3.6558
37179020204,Union County,Fairview,28.7409,28.2648,-0.47609999999999886,81950.0,104.6081,4187.0,40.02558119304337,14.5513,0.28720000000000034,1.0630999999999986,0.3821,9.2907
37179020205,Union County,Unionville,17.5377,18.1938,0.6560999999999986,89777.0,265.4573,3546.0,13.358080565122904,29.8188,2.3122000000000007,3.4292000000000016,8.009,3.3559
37179020206,Union County,Unionville,19.344,19.7286,0.38459999999999894,83152.0,228.4941,3991.0,17.46653414683355,6.1959,0.4474999999999998,1.0266999999999982,0.1002,14.813
37179020305,Union County,Hemby Bridge,34.022,32.5427,-1.479299999999995,110213.0,1348.2569,9107.0,6.754647426614319,50.5151,6.020199999999999,5.305799999999998,12.8692,4.4076
37179020307,Union County,Union County,22.459,24.7149,2.2559000000000005,80065.0,902.2046,7194.0,7.973801064636558,7.8227,5.117899999999999,1.9723000000000042,6.0606,7.548
37179020308,Union County,Union County,22.9899,22.142,-0.8478999999999992,110683.0,854.0234,7803.0,9.136751990636322,20.9373,4.164300000000001,3.6357,12.3414,7.1088
37179020309,Union County,Downtown area,52.7947,49.3424,-3.452300000000001,110089.0,1669.7217,2574.0,1.5415742635434395,11.7816,5.810299999999998,2.4711,3.1469,9.9025
37179020310,Union County,Downtown area,34.9502,37.7064,2.7561999999999998,115541.0,2208.6078,5291.0,2.395626783533047,17.4407,2.5844000000000023,1.8567999999999998,9.5823,4.1714
37179020312,Union County,Matthews Commercial Historic District area,23.1995,21.4233,-1.7761999999999993,86163.0,909.2534,4501.0,4.950215198535414,7.8571,3.5275000000000034,2.8233000000000033,10.8865,11.0864
37179020313,Union County,Matthews Commercial Historic District area,23.9347,24.7761,0.8414000000000001,79102.0,1193.8566,2273.0,1.9039137531257941,23.8485,1.8200999999999965,1.5349999999999966,4.4435,9.5908
37179020314,Union County,Matthews Commercial Historic District area,30.9163,35.7423,4.8260000000000005,88421.0,2822.8759,5690.0,2.015674865480271,17.7518,2.2128000000000014,2.1372,13.5677,1.7953
37179020315,Union County,Matthews Commercial Historic District area,51.8373,50.1743,-1.6629999999999967,127125.0,1173.753,5058.0,4.309254161650705,7.3722,0.4341000000000008,0.6229000000000013,2.0759,2.7481
37179020316,Union County,Indian Trail,31.8235,31.6392,-0.18430000000000035,100240.0,1461.4532,5248.0,3.5909463265741253,17.6385,4.492100000000001,2.4559999999999995,8.7081,7.716
37179020317,Union County,Union County,18.9237,17.5905,-1.3332000000000015,127988.0,2682.1368,7336.0,2.735132674813604,29.8558,6.532699999999998,1.5698000000000008,13.0998,9.0474
37179020318,Union County,Lake Park,24.4379,24.3868,-0.05109999999999815,75226.0,2252.4142,3634.0,1.613379990234478,2.2513,1.4454000000000065,1.8667999999999978,5.0083,6.9229
37179020319,Union County,Downtown / Matthews Commercial Historic District,29.9648,29.1751,-0.7896999999999998,87188.0,1252.8302,3383.0,2.7002861201781374,20.3451,7.237699999999997,4.476000000000003,4.9364,1.8327
37179020320,Union County,Indian Trail,18.7645,20.2568,1.4922999999999966,91852.0,2947.9032,2813.0,0.9542375746937687,21.5645,8.936599999999999,3.4726,3.9815,4.8702
37179020321,Union County,Indian Trail,25.1436,26.522,1.3783999999999992,81919.0,1266.2221,4852.0,3.83187120174257,13.8783,3.2697000000000003,1.967400000000005,6.6983,12.6717
37179020401,Union County,Union County,25.4707,24.4564,-1.0143000000000022,86975.0,612.421,6675.0,10.899364979319781,17.6682,2.2317000000000036,1.6061999999999976,22.2022,7.3141
37179020403,Union County,Union County,29.0927,30.1016,1.0089000000000006,87184.0,717.7922,4866.0,6.779120753889496,4.2428,0.5962999999999994,1.1699999999999982,13.2963,8.6261
37179020405,Union County,Union County,18.8335,22.7189,3.8854000000000006,56250.0,1025.0841,1738.0,1.6954706447988024,2.4185,0.06109999999999616,0.804399999999994,13.061,15.6502
37179020406,Union County,Union County,18.0839,18.862,0.7780999999999985,39989.0,1664.5207,3577.0,2.1489669668872247,0.0,0.43370000000000175,0.37119999999999465,25.8597,17.4023
37179020501,Union County,Union County,23.1082,24.8869,1.7787000000000006,86071.0,1304.5683,5613.0,4.302572736130412,5.8824,0.5891999999999982,0.8384999999999998,22.0203,7.2629
37179020502,Union County,Union County,38.8326,36.848,-1.9846000000000004,68929.0,530.6409,3827.0,7.212033599370121,3.3975,0.05239999999999867,0.560299999999998,22.498,10.4712
37179020601,Union County,Union County,31.8055,32.8587,1.0532000000000004,75354.0,460.7976,5898.0,12.79954583096787,4.7893,1.061,0.7400999999999982,23.4317,21.6758
37179020602,Union County,Union County,35.9898,34.5743,-1.4155000000000015,59139.0,609.9842,5032.0,8.249394000697068,2.6399,0.5355000000000025,-0.17579999999999885,24.3045,23.1857
37179020701,Union County,Union County,25.4653,25.8962,0.43090000000000117,70250.0,446.9633,6157.0,13.77518019935865,4.248,0.9505999999999997,1.2784000000000013,29.9984,21.8475
37179020702,Union County,Union County,23.5769,22.9071,-0.6697999999999986,66439.0,167.2755,4645.0,27.768561445041264,8.3828,0.31959999999999944,1.4916000000000018,12.8956,15.5838
37179020800,Union County,Union County,22.5859,21.9106,-0.6753,66398.0,105.6317,5628.0,53.27946061646267,5.0985,0.29470000000000063,1.327300000000001,27.8429,10.5349
37179020901,Union County,Union County,24.4541,23.5674,-0.8867000000000012,77934.0,64.6267,5078.0,78.57433537531702,8.839,0.07669999999999977,0.7063999999999986,21.3273,2.3434
37179020902,Union County,Union County,33.9238,32.4628,-1.4609999999999985,75370.0,116.2781,6193.0,53.26024419043655,11.0283,0.030099999999999127,0.559800000000001,1.9861,16.777
37179021004,Union County,Mineral Springs,47.709,44.6529,-3.0561000000000007,139397.0,859.0022,7580.0,8.824191602768886,46.474,3.0473,4.151599999999998,10.3298,1.7819
37179021005,Union County,Union County,28.4556,25.9976,-2.458000000000002,78788.0,167.4557,4658.0,27.816312015655484,11.8653,1.0456000000000003,2.255000000000001,11.1851,12.2585
37179021006,Union County,Blakeney area,33.9401,38.809,4.8688999999999965,250001.0,1838.3518,6054.0,3.29316728169222,8.5714,0.14639999999999986,1.1099999999999994,1.8996,0.7433
37179021007,Union County,Blakeney area,37.6708,38.5987,0.9279000000000011,250001.0,1182.977,6712.0,5.673821215458965,20.6603,4.258099999999999,1.4057999999999993,4.6335,5.1251
37179021009,Union County,Millbridge area,46.132,46.3116,0.17960000000000065,208672.0,1231.2818,4416.0,3.5865063545972986,42.5637,6.901699999999998,3.482499999999998,7.2464,4.0534
37179021012,Union County,Millbridge area,50.7001,47.7879,-2.9121999999999986,138750.0,836.1407,5367.0,6.418776170087163,39.2857,2.2834000000000003,1.6264000000000003,3.8569,2.6644
37179021013,Union County,Millbridge area,50.6151,45.811,-4.804099999999998,99200.0,1926.5967,9579.0,4.9719798648051245,49.7957,9.6248,6.764200000000002,10.2203,5.9114
37179021014,Union County,Millbridge area,60.1827,55.6588,-4.523899999999998,92115.0,353.7949,2622.0,7.411073477882242,13.2959,0.2478999999999978,0.291500000000001,6.7124,6.5599
37179021015,Union County,Union County,60.5607,58.8689,-1.6918000000000006,81953.0,160.1909,4704.0,29.364963927414106,13.6245,0.06349999999999945,0.31930000000000014,20.8971,13.0598
37179021016,Union County,Millbridge / Blakeney / Bent Creek,38.1176,40.1574,2.0397999999999996,222446.0,970.3338,4716.0,4.860183165834273,22.3529,4.293199999999999,2.4056000000000033,3.4987,1.8236
37179021017,Union County,Millbridge / Bent Creek,41.5575,44.8943,3.3368000000000038,236862.0,1780.7117,5721.0,3.2127603811442356,46.3318,3.148600000000002,2.5008000000000017,3.828,2.0975
37179021018,Union County,Blakeney area,45.5605,47.4893,1.9288000000000025,160729.0,710.0092,4719.0,6.646392750967171,33.1572,4.017500000000002,3.112000000000002,6.103,6.1666
37179021019,Union County,Providence / Matthews Commercial Historic District / Blakeney,52.1729,48.9856,-3.1873000000000005,175817.0,845.9492,5140.0,6.076014966383324,25.509,5.2623,5.503499999999999,6.1089,2.7432
37179021020,Union County,Wesley Chapel,33.8056,33.7372,-0.06839999999999691,192625.0,866.1898,4879.0,5.632714677545268,22.2617,2.3031000000000006,1.6856000000000009,7.645,0.0
37179021021,Union County,Union County,37.5304,37.8178,0.2873999999999981,181135.0,861.7018,2813.0,3.2644703771072545,27.5649,3.3590000000000018,1.7664000000000009,13.331,4.5859
45023020100,Chester County,CHESTER,31.7865,34.516,2.729499999999998,36111.0,1502.3935,2042.0,1.3591645597508244,0.0,0.0,0.2738000000000014,64.9363,27.9628
45023020200,Chester County,CHESTER,44.435,44.6423,0.2072999999999965,52930.0,1543.6125,3069.0,1.9881932803731508,4.8429,0.0,0.0326999999999984,38.2209,17.074
45023020300,Chester County,Chester County,47.8794,46.8082,-1.0711999999999975,34485.0,957.4966,3495.0,3.6501435096479717,2.4246,0.33840000000000003,0.08850000000000335,78.7697,38.2669
45023020400,Chester County,Chester County,42.9288,41.8769,-1.0519000000000034,66944.0,64.8412,3077.0,47.45439627890909,6.8966,0.1435000000000013,0.34380000000000166,32.5967,12.9022
45023020500,Chester County,Chester County,67.6406,68.1936,0.5529999999999973,59386.0,22.022,2918.0,132.50385977658706,7.2888,0.025800000000000267,0.23819999999999908,13.8451,18.8485
45023020601,Chester County,Chester County,67.4005,68.4923,1.0918000000000063,56455.0,18.7032,2271.0,121.42307198768125,3.0655,0.029300000000000104,0.2845000000000013,31.4399,7.2215
45023020602,Chester County,Chester County,54.7259,54.5732,-0.15270000000000294,55911.0,51.5336,3618.0,70.2066224754335,10.5927,0.22139999999999915,1.4781000000000013,30.4865,20.634
45023020700,Chester County,Chester County,59.7004,58.675,-1.0254000000000048,50962.0,47.2262,2110.0,44.67858942705532,4.5786,0.8466999999999993,1.8523999999999994,23.8389,17.8673
45023020800,Chester County,Chester County,60.1547,58.5785,-1.5762,60270.0,83.7665,5688.0,67.90303999808994,18.1738,0.09199999999999964,0.1600999999999999,23.9276,10.8688
45023020900,Chester County,Chester County,64.352,63.4757,-0.8763000000000005,59444.0,23.438,1922.0,82.00358392354296,4.5408,0.054700000000000415,0.31289999999999907,21.8522,17.1981
45023021000,Chester County,GREAT FALLS,57.8265,58.391,0.5644999999999953,31525.0,262.6002,1967.0,7.490474112357874,0.5086,0.20679999999999765,0.20019999999999882,38.9426,30.8592
45057010100,Lancaster County,Lancaster County,58.2931,56.1813,-2.1118000000000023,66230.0,54.4143,4065.0,74.70462727628583,21.1429,0.0647000000000002,0.30990000000000073,5.9041,11.9692
45057010201,Lancaster County,Lancaster County,57.6393,53.1826,-4.456699999999998,49426.0,45.6567,3015.0,66.03631011439722,4.4954,0.4090999999999996,3.6630000000000003,25.5721,17.7378
45057010202,Lancaster County,KERSHAW,52.4942,50.6811,-1.8130999999999986,44633.0,160.5424,5069.0,31.574213416518006,5.656,0.14800000000000146,0.11180000000000234,26.7903,10.9554
45057010300,Lancaster County,Lancaster County,64.7794,57.9407,-6.838699999999996,61382.0,42.994,6057.0,140.88012280783366,12.7096,0.0849000000000002,0.5975000000000001,10.8139,12.386
45057010400,Lancaster County,Lancaster County,57.3612,56.176,-1.1851999999999947,73464.0,116.2157,3273.0,28.163148352589193,19.6172,0.15629999999999988,1.3385999999999996,21.1121,7.6711
45057010500,Lancaster County,Lancaster County,52.8246,52.8101,-0.014499999999998181,44254.0,685.2314,5484.0,8.003135874975957,0.0,0.0519999999999996,0.24239999999999995,42.7425,36.0938
45057010600,Lancaster County,Lancaster County,38.3577,38.6862,0.32849999999999824,64020.0,539.3236,5774.0,10.706002852461861,2.1251,0.39010000000000034,0.48629999999999995,15.8642,3.9661
45057010700,Lancaster County,LANCASTER,35.7162,35.1631,-0.5531000000000006,29196.0,1413.3981,3353.0,2.372296948750674,0.9605,0.014400000000009072,0.24289999999999878,83.0301,31.4047
45057010800,Lancaster County,LANCASTER,28.973,28.7314,-0.24159999999999826,35472.0,1223.3305,2050.0,1.6757531999733515,1.9281,0.0,0.32030000000000314,36.9268,17.9602
45057010900,Lancaster County,Roselyn area,46.8058,45.9109,-0.8948999999999998,64917.0,556.6852,3633.0,6.526130028245766,3.9429,0.4316999999999993,0.46699999999999875,21.3873,14.7144
45057011001,Lancaster County,Lancaster County,35.3776,35.2079,-0.16969999999999885,61838.0,203.1596,5408.0,26.619465681168894,6.6957,0.5231000000000012,0.7771000000000008,35.5214,11.6494
45057011002,Lancaster County,Lancaster County,46.0443,44.2174,-1.826900000000002,51345.0,138.8236,4712.0,33.94235562253104,5.8561,0.19350000000000023,0.5074000000000005,12.6698,24.7384
45057011100,Lancaster County,Roselyn area,62.7401,58.6494,-4.090699999999998,58625.0,115.5927,5964.0,51.594953660568535,4.211,0.23269999999999946,0.40490000000000137,19.7518,26.7941
45057011203,Lancaster County,Bretagne / Wakefield / The Traditions at Covington,52.4906,43.8308,-8.659799999999997,221923.0,948.756,3719.0,3.9198698084649797,76.5898,6.225900000000003,5.9542,1.4251,0.0
45057011204,Lancaster County,Rosemont / Avondale,47.8408,39.3668,-8.474000000000004,153240.0,1643.365,6734.0,4.0976898011093095,55.4943,12.540499999999994,5.744900000000001,4.7817,5.2316
45057011205,Lancaster County,Fox Ridge / Lynnwood Farms / Reid Pointe,49.5876,48.8497,-0.7379000000000033,102500.0,1353.44,8030.0,5.933029908972691,51.1763,5.925599999999996,4.110899999999997,23.4122,5.8993
45057011206,Lancaster County,Fox Ridge / Avondale,49.7924,40.6047,-9.1877,108769.0,564.2131,2367.0,4.195223400520122,40.5097,7.656599999999997,6.449400000000004,3.7178,8.703
45057011207,Lancaster County,Bent Creek area,48.8945,51.0805,2.186,149766.0,1205.4657,3995.0,3.3140718976906602,18.1339,2.334299999999999,0.6034000000000006,1.8023,1.6521
45057011208,Lancaster County,Bent Creek area,44.9581,38.1628,-6.795300000000005,88744.0,1143.9386,4978.0,4.351632159278479,65.8814,9.1338,6.186500000000002,18.0996,2.5311
45057011209,Lancaster County,Roselyn / Walnut Creek / Cedar Valley,63.1148,58.5753,-4.539500000000004,91006.0,245.8129,8154.0,33.17157073530315,51.715,2.8392,4.498399999999997,7.6159,7.0289
45057011210,Lancaster County,Walnut Creek / Bent Creek,45.5162,35.2253,-10.2909,94261.0,1908.8723,4870.0,2.5512445227478024,85.1075,28.337699999999998,8.961300000000001,12.6283,11.1208
45057011211,Lancaster County,Walnut Creek / Roselyn,65.6915,61.7541,-3.937400000000004,80701.0,42.4464,201.0,4.735383919484338,4.2105,1.9438999999999993,5.8134000000000015,8.4577,7.9602
45091060102,York County,Seven Oaks area,35.5413,35.1793,-0.3620000000000019,80495.0,1785.9494,2663.0,1.4910836779586252,0.9501,0.0,0.5515000000000008,14.9456,12.4807
45091060200,York County,Seven Oaks area,32.9881,32.919,-0.06910000000000593,42009.0,2123.5174,3645.0,1.7164917038117982,2.0548,0.04040000000000532,0.7808000000000064,34.513,24.417
45091060300,York County,Seven Oaks / South Rock Hill,25.4755,24.941,-0.5345000000000013,36593.0,2535.7405,3151.0,1.2426350409278868,0.8328,0.0,0.17569999999999908,62.2342,28.7845
45091060401,York County,South Rock Hill / Seven Oaks,30.4165,29.869,-0.5474999999999994,33125.0,2970.6379,2540.0,0.8550352097776709,1.9675,0.0,0.07899999999999707,90.1969,37.9538
45091060402,York County,South Rock Hill area,50.9367,42.986,-7.950700000000005,81138.0,1806.5588,3082.0,1.7060059157775544,41.2653,3.701500000000003,3.8680999999999983,71.0902,12.6217
45091060501,York County,Seven Oaks / West Rock Hill,18.1989,18.5426,0.3437000000000019,24589.0,2435.7459,3335.0,1.3691904397745267,23.671,0.050700000000006185,0.5747999999999962,65.2474,28.6303
45091060502,York County,South Rock Hill / West Rock Hill,44.8804,43.2599,-1.6204999999999998,47339.0,1225.0304,2299.0,1.8766881213723348,9.5027,1.8552999999999997,0.5866000000000007,83.2971,18.3123
45091060600,York County,Seven Oaks area,9.6256,9.4273,-0.1982999999999997,,9689.9243,1559.0,0.16088876979152458,,0.0,0.3703999999999965,43.6818,75.0
45091060700,York County,North Rock Hill area,39.6548,38.5152,-1.1396000000000015,70794.0,2326.1722,5810.0,2.4976654780759566,9.5619,0.4445999999999941,1.3782999999999994,17.8485,10.4653
45091060802,York County,Seven Oaks / North Rock Hill,23.6628,24.81,1.147199999999998,74632.0,1906.5873,1971.0,1.0337842909160257,3.367,0.0,0.5538999999999987,14.1553,14.206
45091060803,York County,North Rock Hill area,33.7458,35.3714,1.6255999999999986,55731.0,3772.1141,5089.0,1.3491108341606104,4.0841,0.0,0.6817999999999991,24.4056,14.8936
45091060804,York County,North Rock Hill area,29.0268,31.05,2.023199999999999,57161.0,3042.2684,4774.0,1.5692238068146782,3.6585,0.02209999999999468,0.23239999999999839,22.3502,15.1797
45091060901,York County,East Rock Hill / Seven Oaks,35.576,26.3522,-9.2238,65786.0,1114.3511,7357.0,6.602048492616016,48.4179,8.963500000000003,3.848400000000005,38.4532,10.2466
45091060904,York County,West Rock Hill area,38.053,38.8335,0.7805000000000035,112958.0,686.007,7135.0,10.400768505277643,26.652,0.8684000000000012,1.689499999999999,24.9755,8.2511
45091060908,York County,West Rock Hill / North Rock Hill,34.5321,37.995,3.4628999999999976,52273.0,3224.1111,3956.0,1.2270048634490294,4.0708,0.0,0.256299999999996,51.6684,23.302
45091060909,York County,West Rock Hill / North Rock Hill,42.6789,44.8497,2.1708,87922.0,1664.3908,5688.0,3.4174666190176013,11.7718,0.3129999999999882,0.3780000000000001,18.6885,4.292
45091060910,York County,North Rock Hill area,38.9913,37.5028,-1.488500000000002,112115.0,645.8599,3878.0,6.004398167466349,22.3551,0.4238999999999997,1.5463999999999984,8.9737,1.9638
45091060911,York County,North Rock Hill area,45.6606,45.0556,-0.605000000000004,99931.0,1041.6631,5647.0,5.421138561978436,13.9332,0.7165000000000035,0.8763000000000005,21.6929,0.6729
45091060912,York County,North Rock Hill area,48.3666,48.1285,-0.23809999999999576,108780.0,659.6964,1855.0,2.811899534391881,35.1562,0.14339999999999975,0.46799999999999997,6.469,2.5337
45091060913,York County,North Rock Hill area,45.7569,45.4054,-0.3515000000000015,72720.0,2184.9134,6284.0,2.8760865304775924,5.9784,2.8111999999999995,1.2617000000000012,16.168,9.6276
45091061004,York County,Old Orchid / North Rock Hill,48.0215,46.0104,-2.011100000000006,131246.0,1977.6256,10847.0,5.484860228346559,37.89,10.567700000000002,3.4194999999999993,8.0114,5.5263
45091061006,York County,Nations Ford / Prestwick,33.9121,29.8181,-4.094000000000001,143182.0,971.7122,4125.0,4.245084089712983,32.1513,7.2202000000000055,2.6499000000000024,5.2364,0.9455
45091061007,York County,Prestwick / Nations Ford,27.9883,28.1816,0.1933000000000007,81140.0,2842.1004,8608.0,3.028745923261543,33.0445,9.709400000000002,5.2042,4.2867,3.1366
45091061008,York County,Prestwick / Wakefield / Whiteville Park,42.2273,41.8961,-0.3312000000000026,138636.0,1515.8502,8768.0,5.784212714422573,69.0599,5.564,3.996199999999998,11.9069,1.4941
45091061009,York County,North Rock Hill area,38.219,37.4254,-0.7935999999999979,129869.0,2547.5461,11022.0,4.326516407298772,44.8394,5.863500000000002,3.329699999999999,7.5213,1.0116
45091061010,York County,North Rock Hill area,38.8989,35.4604,-3.4384999999999977,127841.0,2390.5967,5667.0,2.370537866131916,40.498,5.539299999999997,3.7432000000000016,13.3933,3.0704
45091061011,York County,Whiteville Park / Old Orchid,39.9344,41.0964,1.1620000000000061,82188.0,1805.9237,9440.0,5.227241881813722,52.1499,10.385100000000001,4.4262000000000015,13.0932,14.4086
45091061012,York County,Steele Creek / Whiteville Park,42.5841,45.7132,3.129100000000001,140956.0,2264.9267,4490.0,1.982404110472979,19.2916,3.328799999999994,2.4607999999999954,8.8864,1.6927
45091061101,York County,Whiteville Park area,61.3257,56.9994,-4.326299999999996,67418.0,1035.7748,4981.0,4.808960403361812,5.4178,0.1968999999999994,0.7591000000000001,22.7464,4.7437
45091061103,York County,Old Orchid / Nims Village / The Forest at Fort Mill,53.1774,48.0282,-5.1492,141401.0,1124.7771,11737.0,10.434956401583923,52.175,8.288599999999999,6.3416999999999994,10.4797,4.2089
45091061104,York County,Lakebridge / Massey,56.3919,50.7093,-5.682600000000001,124565.0,1125.1268,7101.0,6.311288647643981,32.4244,4.628999999999998,4.204599999999999,4.774,4.5487
45091061202,York County,Riverchase / Cedar Valley / Ellis Pond,61.2411,60.0491,-1.1920000000000002,57469.0,248.686,4063.0,16.33787185446708,6.5191,0.25209999999999866,0.37899999999999956,9.648,9.601
45091061203,York County,Cedar Valley area,51.2531,51.278,0.02489999999999526,73083.0,299.6465,6738.0,22.486496588480094,9.8784,0.1866999999999983,0.3948999999999998,14.0991,6.7303
45091061204,York County,Seven Oaks area,36.7602,36.5039,-0.256299999999996,71546.0,1122.5123,4385.0,3.9064159920563895,17.4845,3.033999999999999,2.665300000000002,29.3273,6.431
45091061205,York County,Ellis Pond / Seven Oaks,51.9582,49.601,-2.357199999999999,69397.0,375.8026,4488.0,11.942439993762683,30.3001,2.1647,2.9403000000000006,15.7531,12.0867
45091061301,York County,South Rock Hill area,51.8017,48.8802,-2.9214999999999947,76713.0,478.6398,4531.0,9.466408769183007,12.3204,0.14199999999999946,0.311399999999999,52.8802,7.3624
45091061302,York County,South Rock Hill / West Rock Hill,40.3718,39.7656,-0.6062000000000012,91722.0,115.2712,4361.0,37.83252017850079,12.8,0.2751999999999999,0.9597999999999978,26.6911,8.2321
45091061401,York County,York County,55.6743,54.8949,-0.7794000000000025,85750.0,65.2821,4586.0,70.24896564295572,15.2392,0.07139999999999969,0.7645,6.3454,5.4741
45091061403,York County,West Rock Hill area,30.6683,30.1213,-0.546999999999997,98095.0,218.9305,5971.0,27.273495470023594,25.5148,0.4837000000000007,1.3713000000000015,17.3505,2.9693
45091061404,York County,West Rock Hill area,50.0369,47.633,-2.4039,101696.0,849.8496,3614.0,4.25251715127006,6.754,0.09980000000000189,0.7876000000000012,23.0493,8.8235
45091061503,York County,Lincoln Estates area,47.2849,45.6225,-1.662399999999998,69640.0,125.0433,3057.0,24.447531375131653,15.9021,0.26420000000000066,0.9782000000000011,0.1963,11.3837
45091061504,York County,Lincoln Estates area,47.6127,46.6363,-0.9763999999999982,68625.0,249.6862,5162.0,20.673949941967155,12.9751,0.16680000000000028,0.3752999999999993,2.7702,9.4545
45091061505,York County,Lincoln Estates / West Rock Hill,51.5245,50.7304,-0.7941000000000003,62477.0,118.7732,2945.0,24.79515580955973,13.9935,0.12760000000000105,1.4860000000000007,12.0204,12.1533
45091061506,York County,West Rock Hill / Lincoln Estates,43.5139,42.8846,-0.6293000000000006,82746.0,232.7809,5488.0,23.575817431756644,2.3622,0.18839999999999968,0.9893999999999998,6.4687,3.7922
45091061601,York County,Lincoln Estates area,38.8953,36.7666,-2.128700000000002,55703.0,576.4032,3146.0,5.457984966079301,15.8048,1.8038999999999987,1.383300000000002,45.1049,21.2616
45091061602,York County,Lincoln Estates area,41.8574,41.1956,-0.6617999999999995,47411.0,1035.5117,6225.0,6.011520681031416,1.0112,0.0981000000000023,0.6475000000000009,20.3695,12.3796
45091061701,York County,York County,58.0964,58.541,0.4445999999999941,75661.0,89.3436,5231.0,58.54924135584418,11.629,0.0625,0.232899999999999,2.8675,8.7746
45091061705,York County,York County,46.4269,46.6298,0.20289999999999964,73056.0,219.6648,5379.0,24.487309755591244,22.9534,0.6406999999999989,1.9167000000000023,10.6897,18.5579
45091061706,York County,York County,55.2303,54.4995,-0.7308000000000021,83325.0,435.4959,8078.0,18.54896911773452,47.2999,3.276399999999999,5.9742,7.7371,3.6624
45091061708,York County,York County,32.8629,32.3647,-0.4982000000000042,123376.0,1054.1398,7628.0,7.236231854636359,37.4026,2.715700000000002,2.369299999999999,14.6959,10.2255
45091061709,York County,The Sanctuary area,42.8721,39.0136,-3.8585000000000065,103918.0,1079.353,6969.0,6.456645786874173,43.0764,6.2132000000000005,5.311699999999998,5.6393,7.0024
45091061710,York County,The Sanctuary area,35.8158,37.532,1.7161999999999935,111786.0,1877.4544,4137.0,2.203515568740311,28.2167,0.11749999999999972,0.8995999999999995,3.8675,12.0135
45091061801,York County,CLOVER,40.7964,42.5724,1.7760000000000034,78537.0,810.5999,3677.0,4.5361466242470545,18.1429,0.03810000000000002,0.7685999999999993,25.9995,10.2291
45091061802,York County,York County,37.5481,37.3595,-0.188600000000001,66441.0,521.0073,4883.0,9.37222952538285,10.4455,0.08449999999999847,0.495000000000001,13.6596,10.3106
45091061900,York County,York County,60.3403,58.3871,-1.9532000000000025,58423.0,40.4644,5313.0,131.3006000336098,5.1496,0.02430000000000021,0.3282000000000007,15.8479,18.8515
